CustomerID,FirstName,LastName,Email,Phone,City,State,SignupDate
1,Barkha,Narula,tsen@example.net,2858509666,Ichalkaranji,Uttar Pradesh,2023-12-28
2,Bishakha,Pandit,suhani97@example.com,3113760833,Ulhasnagar,Punjab,2025-10-15
3,Tarak,Sawhney,nadkarnialexander@example.com,7632560068,Bhilwara,Goa,2026-04-21
4,Mason,Natarajan,harsh00@example.com,0955577677,Junagadh,Uttarakhand,2023-12-18
5,Ekalinga,Dutt,ganeshvasatika@example.org,0278049200,Bidar,Kerala,2024-09-27
6,Lavanya,Pau,imammen@example.com,8482393611,Vijayawada,Assam,2024-07-06
7,Chaaya,Kashyap,snehaprasad@example.org,6410967525,Satna,Telangana,2023-11-20
8,Darsh,Acharya,rajeshrisunder@example.org,3730763383,Srikakulam,Kerala,2026-06-28
9,Krish,Choudhry,qaringokhale@example.org,3229745902,Bhagalpur,Nagaland,2024-08-07
10,Dhriti,Mangat,rhalder@example.com,2289977286,Mahbubnagar,Arunachal Pradesh,2024-11-02
11,Maanav,Merchant,pallzashil@example.net,1643189908,Srikakulam,Uttarakhand,2023-09-26
12,Agastya,Devan,dhriti51@example.net,7246830404,Raurkela Industrial Township,Gujarat,2026-04-21
13,Aishani,Memon,hben@example.org,8920026422,Jhansi,Rajasthan,2023-08-14
14,Yug,Salvi,wdhawan@example.net,1285043822,Nellore,Goa,2025-05-24
15,Yamini,Gopal,mbutala@example.org,3302114369,Nangloi Jat,Arunachal Pradesh,2025-09-29
16,Siddharth,Goswami,shivani07@example.com,3297533912,Narasaraopet,Gujarat,2023-12-25
17,Advik,Nair,onagarajan@example.com,6243649055,Mango,Karnataka,2023-12-26
18,Ekapad,Chander,andrew30@example.net,5896561597,Bahraich,Mizoram,2024-08-16
19,Ijaya,Borde,aryachakradhar@example.com,9640156728,Gwalior,Tripura,2023-11-28
20,Ikshita,Patla,vyanjana89@example.org,5301467470,Siwan,Karnataka,2026-03-09
21,Omisha,Acharya,zgarg@example.com,7778485711,Bidar,Mizoram,2024-08-05
22,Ranbir,Rastogi,lavanya12@example.org,2092078394,Ratlam,West Bengal,2025-11-04
23,Aarush,Thakkar,blall@example.net,1097094051,Bidhannagar,Assam,2024-07-06
24,Pooja,Mital,qarin45@example.net,2290055608,Pondicherry,Gujarat,2024-04-02
25,Chaitanya,Bhalla,haldervidhi@example.com,2918380130,Gopalpur,Tamil Nadu,2025-04-26
26,Nathan,Mahajan,kanand@example.org,4094169198,Hajipur,Gujarat,2026-03-12
27,Anvi,Bail,anvikaur@example.com,6529649399,Gopalpur,Himachal Pradesh,2025-11-17
28,Dalbir,Deo,atharvkhurana@example.org,9449317821,Anantapur,Maharashtra,2024-09-07
29,Wahab,Gaba,spai@example.com,6330683015,Bokaro,Assam,2025-12-19
30,Harinakshi,Chandra,ekbal05@example.org,8549519676,Mehsana,Himachal Pradesh,2025-12-26
31,Dhriti,Vaidya,tanejajeet@example.org,6488132773,Chittoor,Jharkhand,2025-12-15
32,Eta,Ramachandran,shroffforum@example.org,2093765907,Gulbarga,Andhra Pradesh,2025-10-21
33,Ekalinga,Bora,wrideshthakkar@example.com,2543012005,Dehradun,Uttar Pradesh,2024-05-08
34,Lakshmi,Chaudhuri,manan28@example.net,5267267575,Gudivada,Rajasthan,2026-06-01
35,Patrick,Thakkar,luthrazaitra@example.com,5005930875,Karaikudi,Punjab,2023-11-18
36,Ishaan,Dey,amairahayer@example.com,9584140391,Secunderabad,Uttarakhand,2025-02-18
37,Frederick,Sahni,fgandhi@example.net,8199088022,Kamarhati,Uttar Pradesh,2025-10-04
38,Ishaan,Balasubramanian,ndugal@example.com,3481093653,Nandyal,Himachal Pradesh,2023-12-04
39,Dayita,Nath,cbadal@example.net,9339127379,Thrissur,Punjab,2025-12-04
40,Yashica,Dar,matthewsem@example.org,6660266805,Berhampore,Himachal Pradesh,2026-03-24
41,Ansh,Hegde,anshjayaraman@example.org,4964819790,Alwar,Chhattisgarh,2025-10-04
42,Rehaan,Bansal,tarahritik@example.com,5937617989,Muzaffarpur,Haryana,2025-02-27
43,Jyoti,Gala,golepushti@example.com,5438552737,Bidhannagar,Karnataka,2025-10-16
44,Yasti,Barad,liam07@example.com,2767370175,Hyderabad,Goa,2026-04-21
45,Gautami,Sha,sanghvianmol@example.org,5319394791,Chandigarh,Jharkhand,2024-04-24
46,Indrajit,Randhawa,sarakhurana@example.com,3987786938,Jehanabad,Jharkhand,2026-02-08
47,Ekanta,Kohli,jaishere@example.com,7551491766,Farrukhabad,Madhya Pradesh,2024-11-14
48,Aashi,Minhas,geetikaagarwal@example.com,8875923933,Karaikudi,Rajasthan,2025-06-22
49,Unnati,Ahuja,barkhakibe@example.com,4308004921,Jehanabad,Assam,2025-06-09
50,Aditya,Jaggi,lchatterjee@example.net,0460240087,Dewas,Bihar,2025-12-24
51,Chandani,Nagy,nkohli@example.net,5321813212,Jalandhar,Gujarat,2024-06-05
52,Edhitha,Barad,bishakhacontractor@example.com,4230412105,Chinsurah,Nagaland,2024-12-28
53,Vedika,Ranganathan,amaira05@example.org,4492128411,New Delhi,Odisha,2025-10-18
54,Urishilla,Bhasin,lajitaoza@example.net,0890205185,Raurkela Industrial Township,Jharkhand,2025-07-28
55,Isha,Gupta,mohinikari@example.org,4422535137,Kurnool,Manipur,2024-06-11
56,Oliver,Gour,upma19@example.org,0773026689,Agra,Telangana,2025-09-23
57,Isaac,Patla,gokhalexavier@example.com,2919552527,Satna,Nagaland,2025-02-09
58,Anvi,Nagar,wmemon@example.org,2716835324,Tadipatri,Karnataka,2023-09-24
59,Balendra,Ramanathan,eloyal@example.org,1258133748,Bidar,Gujarat,2023-07-13
60,Vedika,Raju,vanya03@example.com,7790417427,Aurangabad,Odisha,2024-04-14
61,Diya,Cheema,subramanianbrinda@example.net,5572822502,Thanjavur,Mizoram,2026-06-11
62,Aadi,Saraf,atalwar@example.com,1730520994,Pondicherry,Telangana,2023-10-10
63,Widisha,Dyal,khuranayahvi@example.net,8514528447,Bharatpur,Meghalaya,2025-08-06
64,Divya,Gill,charles04@example.com,8254125584,Belgaum,Maharashtra,2025-06-03
65,Anjali,Nath,meeravarkey@example.com,2223919116,Shivpuri,Karnataka,2024-01-08
66,Caleb,Banik,nigamimaran@example.org,3288299899,Muzaffarnagar,Rajasthan,2023-09-23
67,Falak,Sule,balhaar85@example.com,1514875054,Maheshtala,Uttarakhand,2023-09-04
68,Bhavani,Tailor,yasti24@example.net,9531635377,Tirupati,Rajasthan,2025-06-23
69,Sneha,Banerjee,indalitoor@example.com,0509343659,Nagaon,Himachal Pradesh,2025-06-11
70,Nitara,Walla,harrisontella@example.net,8604382103,Pimpri-Chinchwad,Gujarat,2024-11-16
71,Gaurangi,Chander,ahujadaniel@example.net,5280852661,Phusro,Uttar Pradesh,2025-12-09
72,Pushti,Kaur,naveen60@example.net,4640798085,Bihar Sharif,Uttar Pradesh,2025-07-10
73,Balendra,Chakrabarti,bishakhagarde@example.net,5131172406,Sri Ganganagar,Tamil Nadu,2026-04-25
74,Xavier,Dhar,ekiya75@example.net,7679449708,Coimbatore,Bihar,2026-01-06
75,Kashish,Ahuja,rameshbaljiwan@example.com,9508182439,Nangloi Jat,Gujarat,2026-01-24
76,Amaira,Mangat,hdas@example.org,1120486854,Bihar Sharif,Bihar,2024-02-06
77,Balendra,Sarna,udarsh58@example.com,8360659083,New Delhi,Odisha,2024-06-14
78,Alka,Thakur,lekhachandra@example.net,7955620575,Rourkela,Punjab,2026-06-16
79,Ridhi,Singhal,noah31@example.net,6231695967,Arrah,Jharkhand,2024-04-22
80,Fariq,Ratta,kashyappranav@example.org,0727964590,Bilaspur,Jharkhand,2024-04-25
81,Siddharth,Chaudhari,wsehgal@example.net,1334476460,Bhubaneswar,Gujarat,2025-08-16
82,Christopher,Dhawan,fmann@example.net,6254396155,Rohtak,Kerala,2026-05-27
83,Ekbal,Naik,lilajohal@example.com,8411310244,Siliguri,Jharkhand,2024-05-05
84,Nicholas,Bahl,nidhibuch@example.com,9988360857,Hubli–Dharwad,Karnataka,2024-01-17
85,Netra,Loyal,balhaar86@example.org,2234353251,Siwan,Maharashtra,2024-05-01
86,Logan,Lalla,chanakyanatarajan@example.org,0588085126,Kirari Suleman Nagar,Maharashtra,2023-12-17
87,Matthew,Krishnamurthy,arya90@example.org,7633791947,Jhansi,Sikkim,2024-12-19
88,Adweta,Chanda,imisra@example.com,0827924135,Tirunelveli,Uttarakhand,2024-11-09
89,Ekaja,Mangal,abalan@example.net,3335937335,Morena,Goa,2023-11-26
90,Niharika,Bawa,xalakmurthy@example.org,6542317536,Sultan Pur Majra,Kerala,2024-07-02
91,Adweta,Puri,balveerbiswas@example.net,9711213543,Hosur,Tripura,2024-04-29
92,Ojas,Talwar,dominicchad@example.com,5600317677,Gorakhpur,Manipur,2025-03-13
93,Praneel,Mishra,npau@example.org,7707935562,Bhiwani,Arunachal Pradesh,2025-04-06
94,Harita,Prashad,nratti@example.org,5978171185,Giridih,Meghalaya,2026-05-04
95,Isaac,Sabharwal,ikapadia@example.com,9111169726,Hazaribagh,Tripura,2024-08-28
96,Raghav,Grover,miteshdeo@example.com,3185376298,Dibrugarh,Gujarat,2024-06-23
97,Jack,Dyal,vasatika08@example.net,3100680672,Shimla,Gujarat,2023-12-01
98,Amrita,Chaudry,maanavmitter@example.org,8668848910,Ghaziabad,Odisha,2025-12-16
99,Darpan,Bava,sanya79@example.com,9244697197,Satara,Goa,2025-05-25
100,Guneet,Sur,lkala@example.net,9399223349,Proddatur,Odisha,2023-10-16
101,Anay,Garg,wridesh22@example.net,5999298957,Mangalore,West Bengal,2025-02-23
102,Akshay,Dewan,vaidyawarjas@example.net,5442395940,Gulbarga,Haryana,2024-11-04
103,Hitesh,Rastogi,lucky52@example.com,8986133653,Durgapur,Manipur,2023-10-26
104,Omaja,Lanka,skalita@example.org,7313862972,Imphal,Uttarakhand,2026-03-21
105,Sneha,Das,bathbachittar@example.com,4622737137,Adoni,Rajasthan,2023-07-17
106,Alka,Randhawa,gangulyikbal@example.org,6574251779,Junagadh,Odisha,2025-11-15
107,Fitan,Jani,fbhatia@example.org,0138493298,Dhule,Tamil Nadu,2025-04-05
108,Tanay,Chaudhary,saneurvi@example.net,7678399599,Kadapa,Tripura,2024-03-12
109,Udant,Sahota,somanmatthew@example.com,6739665367,Morena,Haryana,2025-06-08
110,Vasana,Mitra,pushtibatta@example.com,0213184070,Katihar,Maharashtra,2024-02-01
111,Pushti,Modi,omisha73@example.net,6980402218,Bidhannagar,Sikkim,2026-01-21
112,Upkaar,Sachdeva,lipika35@example.org,2978997590,Delhi,Tripura,2024-01-02
113,Widisha,Vala,sarinishaan@example.net,1988228981,Siliguri,Nagaland,2025-05-30
114,Mekhala,Andra,ridhipathak@example.net,0956061390,Noida,Mizoram,2025-05-23
115,Tara,Sule,tellachatura@example.net,0865372661,Siwan,Goa,2026-06-30
116,Yuvraj,Ahluwalia,tarak28@example.com,3533309169,Shivpuri,Telangana,2024-07-17
117,Ekalinga,Dixit,apandya@example.net,4599953251,Dhanbad,Nagaland,2024-06-20
118,Yashoda,Mangat,ozacharia@example.com,8506369342,Burhanpur,Maharashtra,2025-08-23
119,Vedant,Srinivasan,dmukhopadhyay@example.org,4640358012,Bilaspur,Tripura,2024-05-06
120,Dayita,Shere,ulad@example.org,3580309526,Mira-Bhayandar,Uttar Pradesh,2024-04-29
121,Hemal,Suri,lipika53@example.net,7562814173,Bettiah,Gujarat,2025-03-30
122,Amrita,Kulkarni,ekaviriyengar@example.com,3188430993,Bhimavaram,Andhra Pradesh,2025-01-03
123,Jagvi,Gopal,avni26@example.org,2479904483,Jalandhar,Chhattisgarh,2025-10-31
124,Unni,Hegde,ymanne@example.com,0662603718,Sangli-Miraj & Kupwad,Tamil Nadu,2023-10-16
125,Anjali,Setty,deepasampath@example.net,2573832871,Udaipur,Telangana,2026-06-12
126,Jatin,Zachariah,xavierbrahmbhatt@example.net,3345018417,Madurai,Meghalaya,2024-07-15
127,Shivansh,Buch,ikbalbajwa@example.net,4720072619,Ballia,Himachal Pradesh,2025-01-15
128,Kabir,Swaminathan,erandhawa@example.org,8725678562,Parbhani,Rajasthan,2025-08-29
129,Hema,Deol,bakhshi55@example.org,0540703096,Dehradun,Chhattisgarh,2025-02-12
130,Anmol,Kunda,uedwin@example.net,0682992710,Hapur,Manipur,2024-07-27
131,Vincent,Tripathi,biyengar@example.net,6491153780,Chinsurah,Madhya Pradesh,2025-09-29
132,Nathan,Keer,tanvi05@example.net,1578929626,Kalyan-Dombivli,Tripura,2023-12-18
133,Kala,Sridhar,mallicksara@example.org,7234391671,Kolhapur,Haryana,2023-09-10
134,Hemal,Chowdhury,pillayyoshita@example.net,0984843132,Haldia,Telangana,2024-09-28
135,Libni,Yadav,rauzayan@example.com,6160463698,Barasat,Mizoram,2026-06-03
136,Ekani,Raja,ekanshpatil@example.net,6710491525,Mehsana,Uttar Pradesh,2026-01-02
137,David,Acharya,karadaksha@example.org,9889258197,Satara,Kerala,2024-10-09
138,Upkaar,Mander,gdalia@example.org,8797402880,Lucknow,Himachal Pradesh,2025-04-16
139,Abhimanyu,Baria,kkothari@example.net,5415200070,Bally,Bihar,2023-07-17
140,Raagini,Garde,vihaanparmer@example.org,7047755560,Bidhannagar,Himachal Pradesh,2026-02-08
141,Zehaan,Pandya,qushisom@example.net,7894664340,Cuttack,Maharashtra,2023-11-13
142,Wazir,Dube,vermaosha@example.com,7046495381,Hapur,Maharashtra,2025-01-08
143,Maanas,Gade,mkale@example.org,7713263844,Rourkela,Telangana,2026-02-26
144,Ira,Raman,borramahika@example.com,9735508093,Jamshedpur,Telangana,2026-06-11
145,Abhiram,Mitra,alexander80@example.org,6670105993,Karnal,Bihar,2024-10-24
146,Raagini,Ramanathan,abansal@example.com,7664713174,Sasaram,Uttarakhand,2025-09-26
147,Krishna,Kumer,zchaudhari@example.com,0227272701,Sirsa,Tripura,2026-02-09
148,Harita,Sheth,bbrahmbhatt@example.com,3800291883,Jamshedpur,Haryana,2023-09-14
149,Ryan,Srinivasan,vedant25@example.net,4013192571,Khora ,Mizoram,2024-01-25
150,Elijah,Khosla,niharikamadan@example.org,1028652660,Bhiwani,Manipur,2024-10-07
151,Ishanvi,Sahota,leenashanker@example.org,9202029199,Nangloi Jat,Uttarakhand,2025-05-27
152,Ryan,Uppal,vbhasin@example.net,4704787979,Fatehpur,West Bengal,2025-01-13
153,Balendra,Memon,sherechaitaly@example.com,9739729870,Guna,Himachal Pradesh,2026-03-25
154,Wyatt,Arya,nisha99@example.com,5472862629,Hazaribagh,Manipur,2024-03-29
155,Anmol,Khatri,warjas65@example.com,4864607207,Shahjahanpur,Bihar,2024-10-14
156,Baghyawati,Thakkar,kalpitshere@example.org,0884814718,Gudivada,Punjab,2024-09-29
157,Upkaar,Agate,jasonsibal@example.com,3630689504,Khora ,Mizoram,2024-04-08
158,Balveer,Barad,hdatta@example.net,8024028335,Kamarhati,West Bengal,2024-02-24
159,Panini,Sachar,vmurthy@example.org,4695069085,Munger,West Bengal,2023-12-11
160,Bhanumati,Gour,kboase@example.net,0998061118,Danapur,Meghalaya,2025-02-07
161,Krishna,Baral,fsheth@example.net,7246146251,Gudivada,Kerala,2026-02-03
162,Patrick,Buch,pratyush22@example.net,1657208443,Nagercoil,Karnataka,2025-12-02
163,Krishna,Naik,simonraju@example.com,4292341881,Jamnagar,Sikkim,2025-09-26
164,Sarthak,Dyal,loyalsimon@example.org,1424980964,Chapra,Odisha,2025-10-01
165,Ekaja,Chandran,zmisra@example.com,7467167765,Durg,Sikkim,2023-12-22
166,Pallavi,Srinivasan,umukherjee@example.org,6275426831,Nagercoil,Telangana,2025-04-16
167,Unni,Som,jatinsarkar@example.org,2313003670,Sikar,Gujarat,2025-09-12
168,Kevin,Hari,kevinborah@example.net,1835942531,Srikakulam,Uttarakhand,2024-09-11
169,Chatresh,Behl,gangacontractor@example.org,8572573344,Kolkata,Gujarat,2025-09-07
170,Kevin,Sani,vaishnavisem@example.com,7582782862,Bulandshahr,Himachal Pradesh,2023-07-11
171,Amrita,Mall,harshil26@example.net,0193714360,Jorhat,Assam,2024-09-27
172,Veer,Tailor,tristanagrawal@example.org,9222077044,Jalna,Kerala,2025-03-06
173,Hemangini,Kibe,isha62@example.net,5225401089,Gudivada,Manipur,2026-02-07
174,Tanvi,Sekhon,yashvi70@example.org,2979759563,Karimnagar,Chhattisgarh,2023-08-03
175,Wriddhish,Kashyap,ykoshy@example.com,7210782195,Kanpur,Haryana,2025-11-21
176,Arjun,Wagle,gunbirgill@example.com,3246243844,Secunderabad,Manipur,2025-02-23
177,Triveni,Pant,david52@example.net,0459063723,Yamunanagar,Kerala,2024-12-19
178,Warinder,Sheth,tarak97@example.org,1418683130,Bangalore,Odisha,2025-10-23
179,Gautam,Jain,mandgautam@example.net,0560431643,Gwalior,Mizoram,2026-03-11
180,Daniel,Kuruvilla,mammenmason@example.com,9869537442,Dewas,Madhya Pradesh,2026-01-01
181,Vidhi,Singhal,badamijyoti@example.net,4888839156,Ambattur,Sikkim,2024-11-26
182,Ranbir,Pal,anjalisahota@example.org,0904429777,Cuttack,Uttarakhand,2026-03-21
183,Jagrati,Edwin,nigamyachana@example.com,9523767944,Bhavnagar,Jharkhand,2024-01-17
184,Gavin,Grewal,zmaster@example.org,0209442796,Erode,Uttarakhand,2025-09-04
185,Zehaan,Date,darika77@example.org,0928413804,Sultan Pur Majra,West Bengal,2024-01-10
186,Ishwar,Das,asethi@example.com,0003890331,Belgaum,Jharkhand,2024-01-16
187,Elijah,Sarkar,xahuja@example.org,1651739433,Tiruppur,West Bengal,2026-02-27
188,Ikbal,Sen,lakshitbadal@example.net,3779212599,Vasai-Virar,Mizoram,2025-05-17
189,Urvi,Gola,siddharth69@example.com,4926836248,Kalyan-Dombivli,Goa,2024-03-30
190,Lavanya,Comar,wakeeta27@example.net,5126090545,Silchar,Maharashtra,2025-08-01
191,Pavani,Chatterjee,lekha79@example.net,4476232519,Jammu,Nagaland,2025-08-09
192,Arya,Lall,dipta32@example.com,4449306523,Rajkot,Mizoram,2025-12-01
193,Bhanumati,Sinha,bariautkarsh@example.net,5255049419,Saharsa,Nagaland,2023-10-10
194,Nitara,Chawla,sarmamanthan@example.org,4821139124,Bikaner,Maharashtra,2023-09-02
195,Avni,Krishnan,lhora@example.org,3703312191,Thane,Nagaland,2026-02-13
196,Tanveer,Bassi,ojasvi96@example.com,4213370130,Anand,Uttar Pradesh,2025-04-11
197,Chavvi,Iyer,tatagopal@example.com,0469415570,Ulhasnagar,Himachal Pradesh,2024-05-22
198,Sathvik,Kant,oshenoy@example.org,8786996988,Ramagundam,Uttar Pradesh,2023-07-19
199,Bhavika,Iyengar,wahab89@example.com,8501991846,Ramgarh,Goa,2025-08-12
200,Hemal,Wable,cprabhu@example.org,2232244314,Jalandhar,Rajasthan,2025-10-23
201,Upkaar,Kapoor,irya31@example.net,4385325182,Udaipur,Madhya Pradesh,2024-12-10
202,Vincent,Badami,prasadxalak@example.org,1656353058,Tinsukia,Nagaland,2024-11-20
203,Yash,Ravi,netra10@example.com,6871262608,Pune,Himachal Pradesh,2026-01-22
204,Inaya,Kashyap,aptethomas@example.org,1535039144,Jalna,Kerala,2024-02-15
205,Omya,Garde,nidra36@example.com,6165670792,Jorhat,Mizoram,2026-03-30
206,Mohini,Borde,ekanipuri@example.com,2314130429,Jamshedpur,Punjab,2023-09-16
207,Aarush,Shukla,ngandhi@example.com,2324583027,Nashik,Kerala,2025-11-01
208,Mason,Bandi,anvi09@example.net,4882901759,Sagar,Assam,2024-06-01
209,Krishna,Thaman,ysengupta@example.org,5376330744,Lucknow,Haryana,2026-02-02
210,Osha,Mukhopadhyay,tdugal@example.com,2465002672,Noida,Haryana,2024-07-04
211,Omya,Sant,radhasandal@example.org,4350536072,Faridabad,Tripura,2024-10-17
212,Max,Tak,vkrish@example.com,2489693038,Sultan Pur Majra,Uttarakhand,2024-02-24
213,Victor,Rajagopalan,om09@example.org,8211781854,Amroha,Mizoram,2023-09-02
214,Dipta,Gokhale,advay67@example.com,2520803369,Jalna,Andhra Pradesh,2023-07-12
215,Vasatika,Deo,revavenkataraman@example.net,1689304537,Chandigarh,Tamil Nadu,2025-12-31
216,Manan,Savant,ckhatri@example.org,0546000267,Rohtak,Assam,2025-11-05
217,Kashish,Agate,shivanshgolla@example.com,4422046632,Raichur,Arunachal Pradesh,2025-09-07
218,Madhavi,Kumar,daksh21@example.org,2230362230,Guna,Assam,2024-05-07
219,Gaurang,Deshmukh,xgulati@example.net,9707270394,Rohtak,Goa,2024-08-08
220,Wahab,Gopal,rohan82@example.net,7576303116,Coimbatore,Nagaland,2024-04-26
221,Zayan,Wagle,hdixit@example.com,8859109152,Mumbai,Odisha,2025-12-06
222,Udant,Dhaliwal,mandachatresh@example.org,7251081016,Karaikudi,Sikkim,2025-07-14
223,Nikita,Gara,balakrishnanxalak@example.com,3961868710,Arrah,Andhra Pradesh,2024-05-19
224,Abha,Sarna,sunderparth@example.org,4712706969,Muzaffarpur,Arunachal Pradesh,2024-02-22
225,Aryan,Prasad,manderurvashi@example.com,2827993280,Danapur,Arunachal Pradesh,2024-07-24
226,Teerth,Sant,adityasanghvi@example.com,0951407886,Bhagalpur,Gujarat,2023-08-11
227,Aahana,Choudhury,upkaarshetty@example.net,4353431304,Hosur,Rajasthan,2024-05-09
228,Kamala,Sharaf,unnidutta@example.com,5986918047,Unnao,West Bengal,2024-03-15
229,Ayush,Chander,abdulmanne@example.com,8067095302,Pondicherry,West Bengal,2025-10-16
230,Maanav,Nayar,anikamemon@example.net,6283629388,Loni,Tamil Nadu,2026-05-21
231,Maya,Buch,swamyarya@example.org,6795203938,Hapur,Meghalaya,2025-03-19
232,Riya,Rege,sara32@example.com,2759481967,Orai,Himachal Pradesh,2024-05-17
233,Fiyaz,Anand,vgoda@example.org,4978285287,Mira-Bhayandar,Goa,2023-08-05
234,Jeremiah,Khare,bshroff@example.org,2645520788,Muzaffarpur,Arunachal Pradesh,2025-07-31
235,Osha,Bakshi,vivaan46@example.com,9778631016,Chinsurah,Tripura,2026-01-29
236,Yashvi,Bansal,darpanraja@example.com,4648187733,Gandhinagar,Gujarat,2023-09-02
237,Aditya,Manne,indrajitlal@example.net,1900064999,Ramagundam,Meghalaya,2025-12-18
238,Falan,Mukhopadhyay,anaykota@example.com,5881792282,Jamnagar,Haryana,2025-01-21
239,Yagnesh,Dave,mandaldaniel@example.com,7154869997,Gopalpur,Haryana,2025-09-11
240,Kritika,Puri,nishanadkarni@example.net,1996379733,Kalyan-Dombivli,Haryana,2024-02-28
241,Varsha,Sidhu,semwridesh@example.com,7437414916,Gulbarga,Meghalaya,2025-10-27
242,Jagdish,Sani,warjas06@example.com,7860166665,Varanasi,Bihar,2025-11-27
243,Urvashi,Bath,ishitakhurana@example.com,9917619818,Bhavnagar,Sikkim,2024-11-30
244,Eshana,Bhat,janiraagini@example.org,6969566476,Visakhapatnam,Goa,2024-07-07
245,Chandani,Johal,vohravrishti@example.com,7996935072,Kottayam,Mizoram,2024-09-20
246,Harish,Sane,qabilthaman@example.com,5909319936,Hajipur,Manipur,2023-10-20
247,Yug,Bajwa,gautamrajagopalan@example.com,4310430836,Bongaigaon,Haryana,2026-04-04
248,Deepa,Sahota,nbehl@example.com,0447176913,Alappuzha,Gujarat,2025-05-30
249,Ikbal,Savant,veer65@example.org,9481571615,Tirunelveli,Uttar Pradesh,2025-02-12
250,Madhavi,Chakraborty,twalla@example.org,2898490824,Nagercoil,Kerala,2024-01-29
251,Frederick,Barad,pradhakrishnan@example.org,7468181624,Bally,Tamil Nadu,2024-07-05
252,Vivaan,Basu,ibhandari@example.org,7993954256,Bidar,Manipur,2024-06-20
253,Tripti,Sidhu,groverwidisha@example.net,2144662311,Dehri,Manipur,2023-12-18
254,Shravya,Loke,sulerohan@example.com,7086472395,Madanapalle,Andhra Pradesh,2025-10-28
255,Manthan,Nanda,amaraghose@example.net,4987754631,Latur,Uttar Pradesh,2025-03-10
256,Oviya,Agrawal,dbail@example.org,4761968515,Rajahmundry,Gujarat,2026-05-01
257,Nicholas,Rajagopalan,neelimagoda@example.net,7812875640,Gandhinagar,Meghalaya,2025-07-18
258,Vihaan,Pai,bahadurjitiyer@example.com,2199681700,Tirupati,Mizoram,2026-06-12
259,Hamsini,Shanker,riyahora@example.net,5793186436,Jalandhar,Telangana,2025-08-13
260,Vanya,Shankar,watika52@example.com,4529862652,Jammu,Maharashtra,2024-12-10
261,Anita,Ranganathan,jagat32@example.com,2357611224,Durg,Haryana,2025-11-05
262,Dayamai,Ramesh,triyawagle@example.com,0884355484,Guntakal,Manipur,2026-05-07
263,Chanchal,Dutt,yash60@example.com,0931330503,Bellary,Jharkhand,2026-01-01
264,Unni,Bera,kaurmugdha@example.net,3817362499,Dharmavaram,Kerala,2026-01-20
265,Luke,Naik,yatanpandya@example.org,8245177732,Berhampur,Goa,2024-02-18
266,Xavier,Char,raksha82@example.net,3652410237,Vijayawada,Himachal Pradesh,2025-12-10
267,Balhaar,Nagy,aahana23@example.com,4344079030,Nizamabad,Haryana,2025-05-07
268,Mason,Taneja,udeshmukh@example.net,5348815226,Rajkot,Jharkhand,2024-11-09
269,Jagat,Mohanty,bhardwajosha@example.com,2701747024,Bulandshahr,Manipur,2023-07-08
270,Janaki,Karan,keya70@example.net,9512715429,Jalgaon,Nagaland,2025-11-04
271,Neelima,Sandal,dhawanjanaki@example.com,1211208270,Jalna,Bihar,2026-05-29
272,Oscar,Dar,zapte@example.net,0559243340,Imphal,Tamil Nadu,2026-02-14
273,Krisha,Chhabra,osrinivasan@example.org,2374020662,Rajahmundry,Tripura,2025-05-29
274,Meera,Baria,rajeshri75@example.net,8458820441,Guntur,Himachal Pradesh,2024-12-11
275,Turvi,Goda,chamangera@example.org,1715655467,Burhanpur,Sikkim,2023-07-28
276,Advika,Bhargava,vagrawal@example.com,4562291162,Madurai,Himachal Pradesh,2025-03-31
277,Irya,Bakshi,gautamiparikh@example.net,1227010933,Secunderabad,Mizoram,2025-06-09
278,Chanchal,Shere,nvenkatesh@example.net,5223703986,Patna,Himachal Pradesh,2026-02-24
279,Girish,Soman,om01@example.org,1018931429,Bhusawal,Uttarakhand,2023-11-24
280,Abdul,Chaudhari,geraprisha@example.net,9174392081,Serampore,Himachal Pradesh,2026-04-01
281,Jasmit,Tandon,rastogichanchal@example.net,6880810636,Aurangabad,Haryana,2024-06-04
282,Pavani,Pall,nagarchatresh@example.com,2762431128,Jalgaon,Maharashtra,2025-12-19
283,Eshana,Sule,rlad@example.com,2414250781,Phagwara,Sikkim,2025-07-23
284,Rushil,Prabhakar,gagan88@example.org,5943506021,Bhilwara,Punjab,2024-09-21
285,Chatresh,Andra,ikshita18@example.com,4661741574,Jaipur,Arunachal Pradesh,2023-07-26
286,Nathaniel,Oak,xiti92@example.com,0766038246,Bareilly,Himachal Pradesh,2026-06-08
287,Lekha,Hayer,lavanyatiwari@example.org,9326153618,Morbi,Rajasthan,2025-12-08
288,Mahika,Saran,kala14@example.net,3187890922,Mysore,Telangana,2025-12-29
289,Abeer,Sen,jacob78@example.net,1453330716,Chennai,Sikkim,2024-08-28
290,Darsh,Reddy,logan13@example.org,3965543926,Nagercoil,Gujarat,2025-07-24
291,Owen,Saran,rajeshribanik@example.net,0326420121,Haldia,Gujarat,2026-02-17
292,Yashoda,Kant,ramakrishnanqushi@example.org,7940922358,Jalandhar,Andhra Pradesh,2025-11-04
293,Nandini,Manne,anneonveer@example.org,7099885289,Orai,Jharkhand,2024-01-05
294,Veda,Master,gaurav88@example.net,0111526370,Dehri,Jharkhand,2025-04-04
295,Gaurangi,Seshadri,meghanakulkarni@example.com,8827490297,Pallavaram,Gujarat,2025-03-12
296,Osha,Pradhan,valamugdha@example.org,2914196795,Karnal,Meghalaya,2026-04-10
297,Advika,Talwar,gayathrikant@example.net,0459779319,Ludhiana,Rajasthan,2023-07-18
298,Lohit,Hegde,naraingagan@example.org,9088473699,Mahbubnagar,Maharashtra,2025-05-18
299,Rayaan,Kota,ydivan@example.com,3324483471,Sikar,Maharashtra,2024-10-13
300,Kiaan,Suri,rbora@example.org,2555370291,Jamshedpur,Madhya Pradesh,2024-10-10
301,Unni,Soni,ria81@example.org,4544149801,Ramagundam,Haryana,2025-05-23
302,Lavanya,Venkataraman,taraksodhi@example.com,3899201350,Bhiwandi,Meghalaya,2024-03-25
303,Shivani,Nazareth,aashisingh@example.org,8585098399,Proddatur,Sikkim,2023-09-13
304,Yamini,Thaman,ikbal14@example.com,3654547194,Siwan,Odisha,2025-10-26
305,Chaaya,Badami,pandeyaachal@example.com,2943663392,Farrukhabad,Odisha,2025-04-18
306,Yachana,Rana,rayaandhar@example.org,0829812753,Farrukhabad,Chhattisgarh,2023-07-31
307,Yatin,Bandi,falan49@example.net,6395067319,Delhi,Andhra Pradesh,2025-12-02
308,Warda,Taneja,biswasekta@example.org,7385979985,Nangloi Jat,Kerala,2023-11-02
309,Hemal,Raval,aptedominic@example.org,2848522295,Bhavnagar,Jharkhand,2025-02-16
310,Samarth,Bains,csalvi@example.com,7890277724,Udupi,Madhya Pradesh,2024-12-02
311,Dev,Bhardwaj,akalla@example.org,0905798020,Vadodara,Bihar,2025-11-03
312,Vamakshi,Singhal,yug72@example.net,2554191915,Chapra,Uttarakhand,2023-10-21
313,Dalaja,Prabhakar,nmann@example.com,3703600808,Sultan Pur Majra,Chhattisgarh,2025-08-13
314,Charvi,Seshadri,cmahajan@example.com,4270665912,Nizamabad,Tamil Nadu,2025-01-21
315,Ishaan,Guha,aachal62@example.org,3451459950,Patna,Sikkim,2025-11-03
316,Ikbal,Anne,khatrimaya@example.com,0322275656,Kottayam,Rajasthan,2024-09-28
317,Lila,Acharya,umang21@example.com,5427475807,Thanjavur,Maharashtra,2025-06-30
318,Daksh,Chauhan,gsubramanian@example.org,8792980340,Rourkela,Nagaland,2026-04-18
319,Neelima,More,qkannan@example.net,4255017180,Gangtok,Haryana,2024-11-03
320,Zilmil,Kurian,aryan43@example.net,4728904293,Anand,Nagaland,2024-06-24
321,Chanakya,Patil,david93@example.net,2939312055,Kolkata,Odisha,2023-11-12
322,Ekanta,Agate,chaudhurirayaan@example.net,5379113092,Giridih,Telangana,2023-12-04
323,Lakshmi,Swaminathan,niharika50@example.com,5606629296,Chapra,Mizoram,2024-01-27
324,Odika,Nadig,gavin98@example.com,7783480039,Muzaffarpur,Punjab,2024-12-20
325,Vivaan,Dutt,yastiaggarwal@example.org,6155885324,Bhopal,Bihar,2024-06-27
326,Tejas,Parmar,cdora@example.com,8437624185,Ambarnath,Punjab,2024-12-08
327,Charles,Gole,kaultanay@example.org,2893003102,Morbi,Chhattisgarh,2025-09-05
328,Farhan,Soman,irasaha@example.com,8810297115,Medininagar,West Bengal,2023-08-04
329,Amruta,Gulati,pranav76@example.com,9868137435,Coimbatore,Telangana,2025-02-20
330,Isaac,Ravi,dasabeer@example.net,4925882680,Bhimavaram,Bihar,2025-10-28
331,Harrison,Apte,wgala@example.org,7496642813,Jodhpur,Manipur,2025-02-08
332,Aradhana,Arora,chackochatura@example.net,7037351920,Mumbai,Punjab,2023-08-25
333,Lohit,Sani,wazirbarad@example.com,7743774006,Thane,Tripura,2025-03-03
334,Rajata,Bhargava,anushamangat@example.net,0006252343,Chennai,Arunachal Pradesh,2023-09-02
335,Rishi,Chhabra,balendra39@example.net,7564750661,Shivpuri,Uttarakhand,2026-01-02
336,Yadavi,Lad,forumsavant@example.com,1380564702,Karimnagar,Goa,2026-05-07
337,Bhavika,Mander,keya61@example.com,6732831909,Jammu,Andhra Pradesh,2024-02-25
338,Benjamin,Panchal,tkapoor@example.com,9428999688,Varanasi,West Bengal,2024-10-06
339,Ekavir,Saraf,manan58@example.net,3553324481,Ajmer,Odisha,2026-06-29
340,Isaiah,Rattan,hkhatri@example.org,2349544064,Chapra,Mizoram,2026-03-07
341,Sathvik,Rastogi,aayushsubramaniam@example.net,7127803272,Bhavnagar,Punjab,2026-01-14
342,Edhitha,Ahuja,abhasahni@example.net,1932882081,Karnal,West Bengal,2024-05-11
343,Bhanumati,Ratta,farhanwali@example.com,7227908525,Madanapalle,Madhya Pradesh,2024-02-15
344,Lohit,Dhar,ethan21@example.org,4427464210,Miryalaguda,Manipur,2024-01-19
345,Mahika,Seshadri,anusha36@example.net,4590345933,Raebareli,Maharashtra,2024-03-18
346,Ekalinga,Tak,gangulymekhala@example.com,3093772319,Orai,Andhra Pradesh,2024-09-08
347,Vamakshi,Dada,madaneta@example.com,1841451721,Munger,Mizoram,2026-05-28
348,Agastya,Sood,idikagrewal@example.org,8067177888,Guwahati,Rajasthan,2023-08-16
349,Jalsa,Chaudhari,mrastogi@example.net,4139752775,Rajahmundry,Kerala,2026-03-07
350,Warjas,Mittal,aarnayadav@example.org,2359588590,Sasaram,Gujarat,2025-06-21
351,Panini,Karnik,kumernicholas@example.net,6802861044,Bhopal,Rajasthan,2026-01-22
352,Odika,Sabharwal,xamble@example.com,8605592546,Davanagere,Goa,2025-06-11
353,Tanmayi,Vohra,ubarad@example.org,6507915112,Gopalpur,Odisha,2023-09-12
354,Jagat,Mani,sabharwaladvay@example.com,1404325861,Ballia,Maharashtra,2025-02-18
355,Jairaj,Oza,deshpandenimrat@example.net,2417112900,Jaipur,Telangana,2025-10-11
356,Agastya,Khatri,shravyasetty@example.net,4606313005,Miryalaguda,West Bengal,2024-09-29
357,Zashil,Chokshi,dominic22@example.org,1953228938,Panchkula,Manipur,2026-05-14
358,Jeet,Ram,shravya68@example.net,3548796361,Hyderabad,Mizoram,2026-01-10
359,Krisha,Bahl,bhavna20@example.com,4202884756,Avadi,Kerala,2023-08-29
360,Parth,Bahri,zranganathan@example.com,7162987075,Muzaffarnagar,Rajasthan,2024-08-23
361,Max,Kale,urvashi20@example.com,1222056449,North Dumdum,Assam,2025-11-01
362,Manthan,Sarraf,cbrar@example.org,8510842639,Bhavnagar,Arunachal Pradesh,2025-07-31
363,Ranbir,Krishnamurthy,jbarman@example.com,8298534039,Parbhani,Manipur,2026-05-23
364,Sathvik,Balan,anika73@example.net,7057034123,Srinagar,Uttar Pradesh,2025-04-30
365,Oviya,Agrawal,qabil49@example.com,0931504029,Karaikudi,Gujarat,2023-08-31
366,Rajata,Dube,rgulati@example.org,5231499796,Tumkur,West Bengal,2024-02-04
367,Tejas,Barad,finnanne@example.org,4803397171,Salem,Sikkim,2026-07-01
368,Osha,Chaudry,manthan85@example.net,1440799124,Ramagundam,Telangana,2024-05-06
369,Libni,Sehgal,ohanda@example.net,6113912817,Salem,Tamil Nadu,2025-03-20
370,Nidra,Bhandari,rachita89@example.net,5631321398,Vasai-Virar,Sikkim,2025-07-15
371,Matthew,Sathe,osinha@example.com,8648431871,Gorakhpur,Haryana,2023-07-31
372,Zashil,Balakrishnan,mekhalaramachandran@example.com,7034993876,Agra,Madhya Pradesh,2024-08-30
373,Fariq,Bali,vedhikaparmar@example.net,0203871454,Sasaram,West Bengal,2024-11-25
374,Chavvi,Dhaliwal,unazareth@example.com,7608459783,Sasaram,Haryana,2023-12-22
375,Yashodhara,Sarma,jackson13@example.org,6412843035,Davanagere,West Bengal,2026-06-24
376,Hema,Baral,eeshabrar@example.net,3013664145,Jammu,West Bengal,2025-08-31
377,Andrew,Badami,ishah@example.org,4162155766,Thoothukudi,Gujarat,2026-04-10
378,Sathvik,Mannan,shankerowen@example.org,4659217092,Ujjain,Jharkhand,2025-06-28
379,Yashica,Gokhale,tanishrana@example.net,9319941840,Kolkata,Uttar Pradesh,2026-05-24
380,Patrick,Sundaram,falguni75@example.org,8162212639,Khammam,Uttar Pradesh,2024-03-10
381,Tripti,Singh,uchoudhary@example.com,4941712582,Ghaziabad,Chhattisgarh,2026-04-29
382,Parth,Karan,bwali@example.com,0666176553,Bijapur,Gujarat,2024-05-13
383,Onveer,Pillai,iswamy@example.org,5456281391,Nanded,Odisha,2025-12-11
384,Nicholas,Sabharwal,bhandariqadim@example.com,5344844893,Kota,Nagaland,2025-04-23
385,Anika,Lata,sneha76@example.org,8983771898,Vadodara,Mizoram,2024-02-14
386,Robert,Nazareth,chaturaguha@example.net,1114822766,Bhatpara,Chhattisgarh,2025-03-18
387,Abdul,Dhillon,mjayaraman@example.org,9139874048,Deoghar,Assam,2025-07-08
388,Alexander,Thaker,harinakshi06@example.org,3091899922,Vijayawada,Bihar,2024-12-20
389,Meera,Gupta,vidhi70@example.com,9263625805,Vasai-Virar,Uttar Pradesh,2023-08-16
390,Ishanvi,Dass,bhavika89@example.net,1301882542,Thiruvananthapuram,Uttarakhand,2024-02-28
391,Rayaan,Deo,azad69@example.com,3498439450,Panchkula,Mizoram,2023-12-17
392,Chanchal,Raj,vincent89@example.com,7318773651,Ujjain,Manipur,2024-01-27
393,Banjeet,Varkey,mandalquincy@example.com,8155305004,Visakhapatnam,Bihar,2025-03-13
394,Jyoti,Solanki,gabalavanya@example.net,4344857779,Orai,Manipur,2025-12-30
395,Radha,Parmar,walibarkha@example.net,5781866088,Madurai,Rajasthan,2026-05-30
396,Saanvi,Balay,oeshipradhan@example.net,3527820762,Rohtak,Goa,2023-10-07
397,Dalaja,Chawla,nwadhwa@example.net,1607741269,Kozhikode,Himachal Pradesh,2025-04-12
398,Zayan,Khosla,bhallaaadi@example.org,8341199896,Nagaon,Assam,2025-01-11
399,Owen,Ramanathan,yugyadav@example.net,4391580535,Meerut,Haryana,2024-02-20
400,Ishwar,Yogi,vartynimrat@example.org,9600421366,Bhatpara,Andhra Pradesh,2025-10-30
401,Liam,Narula,anvi78@example.net,1327177258,Malegaon,Assam,2025-01-15
402,Ronith,Solanki,balidhriti@example.org,8919964930,Junagadh,Gujarat,2025-04-18
403,Sanaya,Khurana,hema96@example.net,0143997378,Bidar,Gujarat,2023-10-08
404,Krishna,Kala,gauriminhas@example.org,4660107079,Aurangabad,Punjab,2026-05-02
405,Andrew,Gala,rautriya@example.org,4423722503,Satna,Himachal Pradesh,2024-01-14
406,Unni,Deshmukh,bathkala@example.org,2151229736,Raiganj,Meghalaya,2024-08-01
407,Vanya,Agarwal,gautamithakkar@example.com,1987180507,Belgaum,Meghalaya,2024-11-03
408,Abha,Sane,sneha42@example.net,1004239277,Kochi,Uttar Pradesh,2025-05-24
409,Andrew,Dugar,xvarghese@example.org,3113250080,Surendranagar Dudhrej,Goa,2025-04-04
410,Lekha,Naik,deyishanvi@example.org,5492526398,Ambarnath,Haryana,2024-08-15
411,Akshay,Savant,sundaramyauvani@example.net,7102430625,Pune,Jharkhand,2025-05-29
412,Maanav,Kadakia,charanramachandran@example.net,4667067968,Tiruchirappalli,Arunachal Pradesh,2026-02-02
413,Sanaya,Babu,manyabiswas@example.net,5957335206,Bally,Andhra Pradesh,2026-04-21
414,Mahika,Pillay,jacob42@example.com,1658209408,Malda,Punjab,2025-01-29
415,Christopher,Dua,jacob83@example.com,6265832156,Sasaram,Manipur,2025-06-25
416,Tristan,Borah,arjun96@example.com,0454950651,Coimbatore,Manipur,2024-02-08
417,Robert,Varty,mitrabishakha@example.com,0812868533,Hajipur,Nagaland,2025-08-15
418,Rachita,Kurian,ladeshana@example.com,0155971553,Sangli-Miraj & Kupwad,Telangana,2023-07-13
419,Dhruv,Dutta,aayushdass@example.org,9154756126,Chittoor,Tripura,2024-08-02
420,Sai,Bansal,ysheth@example.com,3440246202,Rourkela,Meghalaya,2025-01-23
421,Girindra,Issac,sundaramubika@example.com,7058678691,Agartala,Sikkim,2024-10-25
422,Amruta,Chacko,ekanshwarrior@example.com,3558344952,Darbhanga,Sikkim,2025-04-09
423,Chandresh,Sarkar,nramachandran@example.net,0211345320,Khandwa,Meghalaya,2024-10-11
424,Dayamai,Sabharwal,yatan17@example.com,1692694170,Aurangabad,Rajasthan,2025-11-18
425,Mitesh,Dugar,ekajathakur@example.net,7502912780,Allahabad,Tamil Nadu,2025-10-01
426,Xiti,Walia,lcheema@example.org,2531674102,Ahmednagar,Uttarakhand,2026-06-24
427,Amara,Behl,jasmitlala@example.com,2049309178,Danapur,Goa,2025-07-28
428,Tanmayi,Agate,raghavannoah@example.com,0828369989,Vadodara,Gujarat,2025-09-08
429,Maanas,Randhawa,sarkarupma@example.org,6471703545,Madurai,Kerala,2023-07-09
430,Upadhriti,Dewan,karanneel@example.com,7694181795,Chittoor,Himachal Pradesh,2024-09-26
431,Tanveer,Bhatia,quincy37@example.com,9089921710,Silchar,Chhattisgarh,2026-05-17
432,Yashawini,Yohannan,robertdalal@example.com,6205768633,Malegaon,Goa,2024-03-02
433,Abhiram,Mohan,barmanpranav@example.org,3970486343,Firozabad,Jharkhand,2025-09-30
434,Damini,Bath,hramachandran@example.org,8561952186,Ambarnath,Punjab,2025-06-26
435,Daksha,Balay,faraj67@example.org,3819808169,Howrah,Maharashtra,2026-05-17
436,Ronith,Menon,lohit91@example.com,9178435895,Mangalore,Rajasthan,2025-11-26
437,Wridesh,Bhavsar,kamdarzinal@example.org,4124136241,Erode,Jharkhand,2024-03-15
438,Viraj,Panchal,jhachasmum@example.org,7021154852,Tirupati,Assam,2025-04-18
439,Hitesh,Seshadri,dakshwalla@example.org,6322066814,Allahabad,Jharkhand,2025-02-20
440,Chaaya,Master,snehaom@example.org,9082149037,Rohtak,Nagaland,2025-03-01
441,Geetika,Palla,kavya51@example.com,2654448453,Noida,Sikkim,2025-04-20
442,Yash,Radhakrishnan,darxalak@example.com,4228144635,Bhopal,Uttarakhand,2025-12-24
443,Hitesh,Lall,devika16@example.com,8363398352,Satara,Himachal Pradesh,2024-12-07
444,Yochana,Comar,kondanakul@example.org,5060833288,Chandrapur,Chhattisgarh,2024-06-14
445,Charan,Andra,achaudhari@example.net,5818808282,Bhatpara,Andhra Pradesh,2025-03-13
446,Gagan,Modi,usoni@example.org,0941202325,Chapra,Mizoram,2024-06-17
447,Arunima,Verma,wbedi@example.com,6394683443,Dharmavaram,Gujarat,2025-12-29
448,Tanveer,Radhakrishnan,owali@example.com,8772700720,Howrah,Karnataka,2024-01-04
449,Vihaan,Varkey,gunbir80@example.net,2544187403,Sonipat,Meghalaya,2024-12-13
450,Ekani,Srinivasan,wahabdar@example.org,8252903615,Muzaffarnagar,Rajasthan,2024-08-19
451,Robert,Manne,pyogi@example.com,6977134265,Ratlam,Nagaland,2024-03-27
452,Jairaj,Keer,bhanumatidash@example.net,7829141739,Alappuzha,Punjab,2025-02-07
453,Aradhana,Kibe,somanansh@example.net,4370299489,Kalyan-Dombivli,Assam,2025-03-19
454,Urishilla,Edwin,kalajanya@example.org,7036723414,Vasai-Virar,Maharashtra,2025-10-16
455,Yash,Minhas,ramakrishnanvanya@example.com,0027177681,Deoghar,Karnataka,2024-07-26
456,Chaitaly,Sidhu,anikatella@example.com,6947511654,Yamunanagar,Bihar,2024-09-05
457,Bhavya,Shroff,forum98@example.com,3413903769,Srinagar,Bihar,2026-05-04
458,Divya,Mody,bkara@example.org,9774380016,Coimbatore,Odisha,2024-11-19
459,Dominic,Bora,jacob56@example.org,9036424780,Phusro,Bihar,2024-12-30
460,Riya,Bahri,lissac@example.org,9075379074,Barasat,Tripura,2023-11-29
461,Dhriti,Kapur,koshyyug@example.com,7877831503,North Dumdum,Kerala,2023-09-09
462,Urvashi,Dutta,bhattibimala@example.net,8837439654,Bidar,Jharkhand,2024-09-05
463,Jatin,Varty,maya35@example.com,8554498946,Gopalpur,Bihar,2025-04-18
464,Anusha,Dey,kannanbaljiwan@example.com,3319793639,Gandhidham,Nagaland,2023-08-20
465,Gagan,Dhillon,mallickneel@example.com,9043237738,Hajipur,Odisha,2024-01-17
466,Mugdha,Ganesh,paiomaja@example.net,6653397354,Buxar,West Bengal,2025-07-21
467,Peter,Bakshi,adityamittal@example.net,0072141092,Vijayawada,Sikkim,2025-08-05
468,Benjamin,Kata,fnatt@example.org,5111608319,Panvel,Andhra Pradesh,2024-12-29
469,Pahal,Buch,gangulybalveer@example.org,8348092638,Kadapa,Sikkim,2025-04-28
470,Jairaj,Madan,craja@example.net,0840984663,Gaya,Uttar Pradesh,2026-01-07
471,Guneet,Sibal,bhavnabhatnagar@example.org,4972243712,Bareilly,Bihar,2025-08-09
472,Xalak,Salvi,tsha@example.com,5740906467,Srinagar,Goa,2023-08-14
473,Priya,Bedi,anamika70@example.com,4847205178,Vellore,Arunachal Pradesh,2025-09-12
474,Hitesh,Merchant,onkarsathe@example.org,7917966468,Gurgaon,Uttarakhand,2024-06-23
475,Maya,Bava,yvarma@example.org,2456610483,Chapra,Uttar Pradesh,2024-04-22
476,Vedhika,Varty,davedivya@example.net,9888985498,Amritsar,Uttarakhand,2024-10-09
477,Bhavini,Gala,zmall@example.com,0844997080,Mathura,Uttar Pradesh,2024-07-04
478,Varsha,Halder,abajwa@example.net,1787001702,Satara,Jharkhand,2025-09-02
479,Quincy,Rege,samuelkaran@example.com,5044351236,Pimpri-Chinchwad,Jharkhand,2023-07-25
480,Henry,Parikh,epathak@example.com,8534050774,Mira-Bhayandar,West Bengal,2024-01-21
481,Harrison,Sagar,vpal@example.com,0862563858,Hazaribagh,Manipur,2024-02-10
482,Yauvani,Tata,agarwallajita@example.org,7927907554,Faridabad,Jharkhand,2025-10-08
483,Max,Handa,bishakha65@example.org,7405291091,Tiruvottiyur,Karnataka,2025-03-01
484,Onkar,Ganguly,choudharylohit@example.org,8250572625,Imphal,Meghalaya,2025-09-28
485,Yachana,Sehgal,oshamani@example.org,4096438469,Kulti,Gujarat,2024-06-26
486,Arya,Gokhale,mandvyanjana@example.com,0267508897,Hajipur,Maharashtra,2025-09-11
487,Sara,Balakrishnan,amaira26@example.net,2102672940,Machilipatnam,Uttarakhand,2024-12-01
488,Frado,Gopal,masonkala@example.org,7868025592,Ahmednagar,Assam,2024-06-09
489,Yahvi,Thaman,jagvimani@example.org,3458166334,Haridwar,Chhattisgarh,2023-11-01
490,Nimrat,Khanna,gopaldarsh@example.com,4662489784,Nangloi Jat,Assam,2025-07-29
491,Vinaya,Varghese,znaik@example.net,7279969319,Mirzapur,Meghalaya,2024-01-27
492,Kamya,Singhal,pshah@example.com,0678424766,Kakinada,Gujarat,2023-12-30
493,Ranbir,Karnik,ishaluthra@example.org,7020265942,Bally,Maharashtra,2025-07-19
494,Onkar,Bajaj,pantrayaan@example.org,7766099704,Rajpur Sonarpur,Mizoram,2023-12-19
495,Andrew,Gola,hmukhopadhyay@example.org,1432155918,Nagaon,Uttar Pradesh,2024-04-30
496,Warinder,Dayal,iryapandya@example.com,6662836647,Rourkela,Sikkim,2024-05-14
497,Yoshita,Mangal,girik90@example.net,1636100260,Bangalore,Bihar,2025-09-02
498,Jonathan,Mitter,saanvi88@example.com,2056308409,Solapur,Nagaland,2025-03-12
499,Aahana,Srinivasan,qsen@example.net,4790560437,Durg,Telangana,2026-02-06
500,Aryan,Behl,gkota@example.org,2741108279,Lucknow,Andhra Pradesh,2024-02-01
501,Kashvi,Golla,teerthgoswami@example.com,2554119027,Tirupati,Odisha,2026-01-07
502,Netra,Naik,lbansal@example.org,8961953874,Phusro,Rajasthan,2025-01-10
503,Urmi,Maharaj,achaudhary@example.org,3141549104,Jamalpur,Maharashtra,2025-07-24
504,Ayushman,Bumb,rdara@example.net,3104576040,Chapra,Arunachal Pradesh,2025-08-19
505,Netra,Bedi,thomas85@example.org,6058985446,Ulhasnagar,Maharashtra,2024-05-12
506,Sai,Amble,samaksh99@example.net,3665691661,Tiruvottiyur,Goa,2024-03-03
507,Hemang,Deshpande,jeevikamuni@example.org,4818827874,Imphal,Jharkhand,2025-11-20
508,Udarsh,Mohan,upkaar31@example.com,2620407405,Bally,Uttar Pradesh,2025-04-16
509,David,Bora,dhawanmeera@example.net,5005489501,Surendranagar Dudhrej,Mizoram,2023-08-20
510,Hemal,Tailor,madhavihanda@example.net,1350255493,Srikakulam,Karnataka,2024-04-15
511,Sarthak,Pingle,ekalingacontractor@example.net,5755354764,Moradabad,Andhra Pradesh,2023-12-24
512,Henry,Bawa,zmalhotra@example.net,5813902330,Dibrugarh,Goa,2025-12-12
513,Ranbir,Borah,vamakshi34@example.net,5064407461,Cuttack,Mizoram,2025-02-11
514,Sudiksha,Sathe,wbahri@example.net,7459513097,Bhimavaram,Goa,2024-04-20
515,Dalbir,Nair,buchharrison@example.com,0767340610,Bokaro,Himachal Pradesh,2023-11-20
516,Eesha,Korpal,venkateshxavier@example.com,2404686775,Madanapalle,Telangana,2025-03-06
517,Siddharth,Borah,farhan99@example.net,6604392253,Buxar,Madhya Pradesh,2024-09-09
518,Yachana,Shankar,kumerchasmum@example.org,7449859799,Anantapur,Maharashtra,2025-06-30
519,Veda,Batta,anirudh69@example.com,7071649058,Bhilwara,Chhattisgarh,2024-02-04
520,Aadhya,Zachariah,pkrishnamurthy@example.org,0532014090,Alwar,Jharkhand,2024-11-26
521,Manthan,Desai,avni05@example.com,5242576049,Bareilly,Bihar,2024-03-17
522,Madhavi,Bose,shanxalak@example.com,0743927133,Raurkela Industrial Township,Madhya Pradesh,2024-05-23
523,Chatura,Varghese,mahalanya@example.net,6212191187,Firozabad,Andhra Pradesh,2023-11-30
524,Tanvi,Rajagopalan,vyanjanasaxena@example.org,5763426702,Allahabad,Kerala,2023-07-31
525,Jason,Mukherjee,isaiah21@example.org,6035283977,Ramagundam,Jharkhand,2025-04-12
526,Divya,Bajaj,samuel75@example.com,0542090261,Jamnagar,Odisha,2023-08-17
527,Gagan,Bali,anaysrinivasan@example.com,5736241552,Ongole,Punjab,2023-09-13
528,Dakshesh,Divan,hbahl@example.com,4842649835,North Dumdum,Mizoram,2025-01-11
529,Ikbal,Goda,gchandra@example.com,5648817383,Chittoor,Chhattisgarh,2025-11-29
530,Oviya,Nagi,panditsachi@example.net,2089918867,Jabalpur,Tamil Nadu,2025-06-17
531,Warhi,Dewan,djha@example.org,0335008017,Amravati,Rajasthan,2024-07-27
532,Waida,Patil,ranganathanyutika@example.com,4074421638,Saharsa,Himachal Pradesh,2024-02-18
533,Owen,Saran,qmangat@example.com,7409375224,Secunderabad,Mizoram,2024-08-01
534,Nilima,Verma,chatresh70@example.net,3110225933,Surat,Maharashtra,2025-05-12
535,Gaurang,Mittal,mkulkarni@example.org,1194916458,Rewa,Bihar,2024-08-28
536,Vrinda,Palan,saksham35@example.net,9072672677,Bikaner,Telangana,2024-03-23
537,Yamini,Sabharwal,samuelprabhu@example.org,6301879741,Bathinda,Himachal Pradesh,2024-07-22
538,Harrison,Tailor,warjas94@example.com,5344111733,Kolkata,Sikkim,2025-03-02
539,Chakrika,Srivastava,nagarishaan@example.net,9604379056,Agartala,Himachal Pradesh,2025-03-21
540,Jeevika,Gaba,dloke@example.org,3142850300,Uluberia,Jharkhand,2023-12-30
541,Logan,Sarkar,leenabajwa@example.org,3517757191,Shivpuri,Chhattisgarh,2024-05-09
542,Fariq,Dhillon,wsethi@example.com,8465749912,Alwar,Kerala,2024-03-31
543,Quincy,Chana,meghanachandran@example.com,1797771506,Bharatpur,Meghalaya,2023-10-12
544,Vincent,Maharaj,nirjavora@example.net,1278768211,Unnao,Manipur,2025-09-01
545,Yatan,Buch,anusha55@example.net,1124799288,Darbhanga,Kerala,2024-03-25
546,Hemangini,Swaminathan,tbandi@example.net,4653123691,Hajipur,Tripura,2024-02-10
547,Anay,Hayer,fiyaz79@example.net,4216995972,Raiganj,Himachal Pradesh,2025-10-08
548,Rudra,Kala,pmishra@example.org,4660792588,Pimpri-Chinchwad,Nagaland,2025-04-22
549,Irya,Jhaveri,itailor@example.net,3458777989,Rajkot,Chhattisgarh,2025-02-16
550,Ansh,Sampath,maanavvyas@example.com,8727401362,Ranchi,Uttar Pradesh,2025-03-12
551,Bhavani,Puri,gaurangimall@example.com,8509000042,Gandhidham,Bihar,2025-11-16
552,Arya,Verma,abeerramesh@example.com,9656411216,Begusarai,Nagaland,2023-07-17
553,Aachal,Patla,jagrati16@example.net,8501768437,Anantapur,Chhattisgarh,2025-11-24
554,Yatin,Basu,wpatla@example.org,8068841718,Jamnagar,Odisha,2026-02-27
555,Vidhi,Korpal,amblefiyaz@example.net,3797718472,Darbhanga,Nagaland,2023-09-06
556,Yashoda,Dube,indrajittata@example.net,0042805493,Noida,Madhya Pradesh,2024-01-14
557,Theodore,Toor,jalsawalia@example.net,0857537531,Baranagar,Mizoram,2023-08-12
558,Jyoti,Om,sarthakdutt@example.net,4449527258,Bihar Sharif,Madhya Pradesh,2025-03-08
559,Jagrati,Garde,harinimishra@example.net,4457321671,Farrukhabad,Uttarakhand,2024-01-04
560,Chaitaly,Khare,dharjackson@example.net,6667052770,Hosur,Punjab,2023-12-12
561,Gopal,Ratti,ekiya36@example.com,2584552488,Guna,Bihar,2025-08-25
562,William,Rau,handachanchal@example.com,7072994251,Ramgarh,Andhra Pradesh,2024-09-15
563,Zilmil,Garg,darsh24@example.com,2066711279,Alappuzha,Tripura,2026-03-03
564,Raksha,Natt,advaysant@example.com,9135203738,Ulhasnagar,Manipur,2026-01-07
565,Ekani,Khare,priyawalia@example.com,1408483138,Mangalore,Sikkim,2025-07-17
566,Ria,Magar,ladsimon@example.com,1510543280,Pune,Karnataka,2023-08-15
567,Lohit,Pant,udyati88@example.net,2895198142,Kozhikode,Chhattisgarh,2024-09-11
568,Qushi,Bansal,nahuja@example.org,1756232910,Kalyan-Dombivli,Mizoram,2026-02-28
569,Barkha,Banerjee,veda95@example.net,2078776196,Eluru,Haryana,2024-03-23
570,Amrita,Gupta,calebbhandari@example.org,9259043919,Shimoga,Arunachal Pradesh,2025-10-04
571,Praneel,Bora,yashodachopra@example.org,6014074485,Ludhiana,Uttarakhand,2024-12-27
572,Lohit,Ramachandran,sankaranpriya@example.net,8392934975,Jalgaon,Arunachal Pradesh,2024-07-29
573,Amol,Sunder,lajitaanand@example.net,2927925272,Kirari Suleman Nagar,Meghalaya,2024-04-17
574,Matthew,Sane,fdash@example.org,3262355721,Bahraich,Uttarakhand,2026-01-05
575,Wriddhish,Bakshi,urmisaran@example.com,3867410729,Vasai-Virar,Arunachal Pradesh,2023-07-08
576,Sudiksha,Mohan,guneet02@example.com,1797366506,Saharsa,Manipur,2026-05-06
577,Geetika,Bawa,comaranita@example.com,1639683288,Bhalswa Jahangir Pur,Bihar,2023-09-07
578,Ridhi,Kuruvilla,parikhgeorge@example.org,0455906336,Bhind,Telangana,2024-07-30
579,Kala,Gera,aayushgaba@example.net,5257062350,Guwahati,Assam,2026-04-11
580,Caleb,Ghosh,edhitha13@example.org,9358547441,Pallavaram,Odisha,2024-04-23
581,Diya,Srivastava,rpandit@example.net,6376765108,Hazaribagh,Karnataka,2024-04-19
582,Gabriel,Sami,indira29@example.net,0576124326,Rajkot,Haryana,2024-12-17
583,Qushi,Ghosh,mverma@example.com,7957363139,Singrauli,Uttarakhand,2023-07-10
584,Logan,Loke,venkateshdev@example.net,0188877994,Guwahati,Uttarakhand,2025-03-15
585,Barkha,Kale,vthaker@example.net,2862383586,Pune,Assam,2025-07-28
586,Shivansh,Pandya,arunimasamra@example.net,7991920951,Amaravati,Uttarakhand,2026-04-25
587,Oviya,Parekh,nchowdhury@example.org,5896647160,Hubli–Dharwad,Tamil Nadu,2025-09-27
588,Jatin,Vyas,upma79@example.net,8012550709,Gaya,Chhattisgarh,2024-08-23
589,Rayaan,Subramanian,vparmar@example.net,7336517741,Nellore,Uttar Pradesh,2026-06-17
590,Udant,Muni,krishinaya@example.net,3274662624,Satna,Andhra Pradesh,2024-03-29
591,Nakul,Sehgal,harinakshi72@example.com,3084519752,Bongaigaon,Jharkhand,2024-08-20
592,Darika,Soman,prakashdipta@example.com,2509859326,Berhampore,Maharashtra,2025-11-25
593,Oni,Shetty,qchoudhary@example.net,4921479120,Durg,Chhattisgarh,2025-11-21
594,Jairaj,Thaman,georgehegde@example.com,6203341427,Sagar,Himachal Pradesh,2025-08-27
595,Saksham,Dalal,anyavarughese@example.net,0634394248,Bathinda,Rajasthan,2024-05-26
596,Idika,Borra,nidra62@example.net,1552376870,Ujjain,Haryana,2023-09-15
597,Tara,Deol,aachalpalan@example.org,0831195920,Barasat,Karnataka,2024-01-14
598,Shravya,Kaur,warhikala@example.org,3754248059,Amravati,Uttarakhand,2025-05-28
599,Darsh,Chaudhari,zmallick@example.com,1277845449,Hosur,Kerala,2023-08-16
600,Victor,Dhillon,khuranajackson@example.net,0190703432,Bhagalpur,Sikkim,2026-06-12
601,Timothy,Thakur,uchaudhary@example.net,3281895143,Bhusawal,Bihar,2025-03-01
602,Chakrika,Pathak,omutti@example.org,1617797505,Danapur,Tripura,2023-10-22
603,Ubika,Bansal,sdevi@example.com,9148476904,Sambhal,Meghalaya,2024-05-01
604,Qasim,Bal,utella@example.com,1682877586,Udupi,Madhya Pradesh,2024-01-19
605,Anirudh,Loke,meghanasastry@example.org,2246458287,Noida,Telangana,2026-02-10
606,Gaurang,Tara,zansirama@example.org,1038514702,Hubli–Dharwad,Punjab,2024-04-22
607,Qushi,Wable,ishakapur@example.net,0477470445,Farrukhabad,Andhra Pradesh,2024-01-10
608,Eiravati,Peri,deosuhani@example.net,3646400635,Gurgaon,Arunachal Pradesh,2026-07-06
609,Kevin,Raghavan,ckhurana@example.org,2251698841,Chandrapur,Tripura,2023-07-14
610,Mohammed,Gupta,stara@example.net,9032845778,Alappuzha,Assam,2025-10-02
611,Triveni,Deshmukh,yachana00@example.org,6138089089,Munger,Telangana,2023-09-05
612,Arin,Pandit,hiral10@example.net,6007353080,Guntur,Manipur,2024-08-14
613,Mohini,Narang,anaywadhwa@example.com,9339295252,Surat,Punjab,2026-05-05
614,Jacob,Sarma,kaikhatri@example.org,6665258031,Solapur,West Bengal,2023-12-06
615,Gaurav,Narain,nsachar@example.org,2260893544,Aurangabad,Punjab,2025-12-08
616,Zaid,Banerjee,lakshitsrivastava@example.com,2729279385,Eluru,Arunachal Pradesh,2025-05-01
617,Shaurya,Borde,wkuruvilla@example.org,8835748858,Pallavaram,Meghalaya,2025-05-06
618,Pahal,Koshy,amolyohannan@example.org,8997209209,Alappuzha,Punjab,2024-04-16
619,Akshay,Subramanian,wadhwatanvi@example.net,1291699783,Bijapur,Manipur,2025-03-17
620,Ayaan,Parekh,settypahal@example.com,8591067150,Ratlam,Manipur,2025-09-23
621,Vasudha,Parmer,hsandhu@example.org,2842694996,Bangalore,Chhattisgarh,2024-04-14
622,Nathan,Kari,devikanaik@example.org,1817365941,Pali,Andhra Pradesh,2024-04-30
623,Raghav,Hayre,imorar@example.org,3466948897,Hindupur,Uttarakhand,2023-09-20
624,Mekhala,Jaggi,fitandash@example.com,4706177895,Panvel,Nagaland,2024-03-30
625,Madhav,Swaminathan,aadhyarama@example.net,6798081336,Warangal,Gujarat,2025-05-24
626,Wakeeta,Kaul,raksha65@example.org,0954205792,Tiruppur,Mizoram,2024-02-06
627,Laban,Majumdar,cdhaliwal@example.net,7860412941,Serampore,Haryana,2024-03-12
628,Fiyaz,Gupta,nmody@example.com,0893566777,Amritsar,Maharashtra,2023-10-27
629,Vasudha,Pau,qdeshmukh@example.org,4863384104,Raichur,Tamil Nadu,2025-05-25
630,Falan,Dixit,jaipalla@example.net,9955139006,Sagar,West Bengal,2023-11-30
631,Ranveer,Golla,aachalzacharia@example.net,8287903625,Jamnagar,Nagaland,2025-03-13
632,William,Divan,kapadiajairaj@example.net,4665883719,Junagadh,Mizoram,2023-08-02
633,Dipta,Lalla,jchander@example.org,5801064772,Raurkela Industrial Township,Chhattisgarh,2024-05-11
634,Fiyaz,Tara,zsama@example.com,5529371792,Akola,Nagaland,2023-07-28
635,Zayan,Vaidya,merchantfiyaz@example.org,5127527191,Khora ,Arunachal Pradesh,2024-02-14
636,Omya,Kala,gangasodhi@example.net,5596978931,Gaya,Tamil Nadu,2026-01-28
637,Omisha,Munshi,hemangsharma@example.net,7147962499,Tenali,Sikkim,2026-01-25
638,Vihaan,Kaur,varghesesarthak@example.org,8906381519,Mysore,Tripura,2025-10-02
639,Qarin,Hans,imaster@example.com,7683033497,Saharanpur,Karnataka,2024-12-16
640,Vivaan,Taneja,gaurangichad@example.org,5200958699,Kamarhati,Karnataka,2023-09-04
641,Aarush,Shukla,dhawantara@example.com,6311886661,Barasat,Uttar Pradesh,2024-08-16
642,Manya,Krishnan,sarathakkar@example.com,3359973774,Shimoga,Goa,2026-01-26
643,Udant,Mittal,isha66@example.net,8347770828,Raebareli,Andhra Pradesh,2024-05-27
644,George,Basak,waliahenry@example.com,8010517727,Kakinada,Chhattisgarh,2026-05-11
645,Varsha,Muni,raoabeer@example.com,9421723762,Fatehpur,Telangana,2025-10-06
646,Rajeshri,Tailor,agatechaitanya@example.org,5818368292,Pimpri-Chinchwad,Haryana,2023-12-15
647,Jalsa,Subramaniam,wchatterjee@example.net,8513485936,Dibrugarh,Manipur,2025-12-17
648,Karan,Sidhu,alka33@example.net,8251476682,Agartala,Tripura,2025-08-29
649,Utkarsh,Morar,chatterjeeanita@example.net,1235067489,Ranchi,Arunachal Pradesh,2023-10-23
650,Anthony,Dhar,patrick98@example.net,1746125928,Thoothukudi,Uttarakhand,2026-01-17
651,Zayyan,Agarwal,lila11@example.org,8189831107,Bharatpur,Telangana,2025-01-12
652,Abeer,Prakash,settyzayyan@example.org,7282597997,Ambala,Telangana,2025-10-10
653,Frederick,Gola,fdyal@example.org,2254009321,Amaravati,Bihar,2025-10-20
654,Samesh,Varty,onveerkumer@example.com,6424136418,Korba,Himachal Pradesh,2024-03-30
655,Hemang,Ramesh,bkala@example.net,0754343924,Malda,Punjab,2025-02-12
656,Tripti,Sachdeva,rajata99@example.org,2475836209,Nizamabad,Meghalaya,2024-04-13
657,Mekhala,Shanker,wasonaayush@example.com,4488623287,South Dumdum,Haryana,2025-04-10
658,Ekiya,Koshy,zehaan00@example.net,7437447978,Guntur,Tripura,2024-03-13
659,Netra,Bora,sarkarudyati@example.net,9469881212,Ujjain,Goa,2025-03-18
660,Vritti,Pant,ctank@example.com,9337296356,Jamalpur,Punjab,2024-02-05
661,Indira,Kadakia,vritti74@example.net,7021268889,Kota,Goa,2024-03-23
662,Charita,Ranganathan,mayaravi@example.org,6874585959,Dharmavaram,Odisha,2024-09-06
663,Omkaar,Garde,dhaliwalanjali@example.net,4552038250,Rajpur Sonarpur,Haryana,2025-04-19
664,Lavanya,Menon,qkhanna@example.com,2815376114,Avadi,Chhattisgarh,2025-10-05
665,Vritti,Jayaraman,michael79@example.org,1015633371,Sultan Pur Majra,Gujarat,2025-01-26
666,Anjali,Bakshi,daksha88@example.net,0990472029,Ujjain,Nagaland,2023-10-15
667,Jonathan,Kakar,zsuri@example.net,1771884511,Silchar,Haryana,2026-06-17
668,Meera,Din,zsaraf@example.com,6670314697,Korba,Telangana,2024-11-12
669,Samaksh,Pall,routdipta@example.net,7764162806,Howrah,Tripura,2025-03-29
670,Bhavika,Krishna,sathesamar@example.net,4327028717,Serampore,Karnataka,2025-11-12
671,Fariq,Bhatt,banerjeegirish@example.com,5458274290,Pallavaram,Kerala,2023-08-24
672,Janaki,Solanki,modivedhika@example.net,9429772832,Motihari,Goa,2024-03-25
673,Vansha,Dhar,dugalekantika@example.org,5453746780,Thane,Madhya Pradesh,2024-11-28
674,Anamika,Narayan,nidhi42@example.com,8544048326,Chapra,Punjab,2024-07-17
675,Arunima,Dey,dinomya@example.net,2050665404,Patna,Madhya Pradesh,2026-05-21
676,Gautam,Chad,luthrapatrick@example.org,5573323029,Rourkela,Manipur,2026-03-06
677,Chaaya,Sethi,sachi66@example.net,6584243437,Panihati,Tamil Nadu,2024-02-21
678,Widisha,Naidu,zashilpathak@example.org,4660232949,Siwan,Himachal Pradesh,2024-08-23
679,Raghav,Basu,bbasu@example.org,8519445571,Phusro,Andhra Pradesh,2023-10-02
680,Matthew,Kaul,odika47@example.org,0595790117,Danapur,Madhya Pradesh,2024-09-26
681,Yash,Singh,bhasinaarnav@example.com,8163886187,Ramgarh,Odisha,2026-04-08
682,Jatin,Bhatti,jgoswami@example.org,6033187186,Jorhat,Meghalaya,2024-11-13
683,Veer,Rout,oranganathan@example.net,1657182914,Jalna,Chhattisgarh,2023-10-16
684,Ishwar,Desai,narayanmatthew@example.com,5170446325,Katihar,Meghalaya,2023-10-06
685,Max,Krishnan,lokeupma@example.com,5278341524,Dehri,Maharashtra,2024-06-30
686,Warhi,Bala,knagar@example.org,4575727410,Muzaffarpur,Kerala,2023-09-17
687,Naksh,Rajan,petervarma@example.net,4868477211,Mysore,Kerala,2026-02-04
688,Ijaya,Mittal,balapooja@example.net,3129651722,Jaunpur,Punjab,2025-02-11
689,Anmol,Magar,netra53@example.net,5081128123,Sultan Pur Majra,Arunachal Pradesh,2023-08-07
690,Gabriel,Jani,bhatiavaishnavi@example.com,4990434822,Pallavaram,Uttar Pradesh,2024-10-24
691,Omaja,Bal,swaminathanjonathan@example.com,7123888038,Udaipur,Andhra Pradesh,2024-10-01
692,Omkaar,Khalsa,chaitanya31@example.org,9000058457,Anantapur,Tamil Nadu,2024-10-03
693,Jasmit,Ramaswamy,oeshidhingra@example.net,4315463662,Morbi,Mizoram,2026-06-10
694,Radha,Garg,bswaminathan@example.net,2845339386,Gwalior,Tripura,2024-04-05
695,Kashish,Kaul,gunbir34@example.com,4708817174,Dehri,Gujarat,2025-12-19
696,Oeshi,Cheema,meeraoommen@example.org,4961536697,Thanjavur,West Bengal,2023-08-22
697,Yagnesh,Arya,subramanianlucky@example.org,8814132385,Mau,Bihar,2025-05-12
698,Urmi,Bhatia,edhithapalla@example.net,8322836371,Tumkur,Uttar Pradesh,2025-11-04
699,Sarthak,Mital,tarak84@example.org,3201742689,Unnao,Gujarat,2024-08-27
700,Mohini,Nair,ndewan@example.org,9421916949,Unnao,Odisha,2026-07-05
701,Nikita,Shenoy,bmalhotra@example.com,4432199665,Guwahati,Karnataka,2023-10-17
702,Gabriel,Venkatesh,vedant27@example.net,0156340536,Darbhanga,Sikkim,2025-02-26
703,Pratyush,Bajwa,lakshmi02@example.com,0686648140,Vijayawada,Punjab,2024-08-27
704,Waida,Malhotra,ekalinga30@example.net,6717604671,Nagpur,Himachal Pradesh,2023-08-14
705,Nilima,Gaba,hegdegavin@example.org,0422574951,Tiruvottiyur,Tripura,2024-01-11
706,Nimrat,Kata,zaiddeol@example.com,8733027026,Lucknow,Punjab,2025-07-20
707,Ronith,Chakrabarti,yashawini68@example.net,7707049574,Siwan,Maharashtra,2023-09-21
708,Gopal,Kapadia,maanas85@example.com,0548933624,Silchar,Manipur,2026-04-10
709,Charan,Chaudry,yaminigola@example.com,2877313253,Rajkot,Punjab,2025-01-11
710,Wriddhish,Kohli,ksuri@example.com,5182444401,Nanded,West Bengal,2025-04-06
711,Yagnesh,Sathe,jyotihans@example.net,2680160477,Nagercoil,Andhra Pradesh,2025-12-29
712,Udyati,Agate,qushisur@example.net,6529931216,Gwalior,Himachal Pradesh,2025-04-12
713,Charvi,Kale,krishna91@example.net,4188640896,Giridih,Jharkhand,2023-10-09
714,Damyanti,Dugal,oni14@example.com,2257947111,Bhagalpur,Karnataka,2024-01-04
715,Bhavika,Warrior,unni72@example.net,3810870033,Dindigul,Meghalaya,2025-04-01
716,Tejas,Kohli,uverma@example.net,4229584708,Saharanpur,Bihar,2024-08-12
717,Chandran,Vaidya,duttaarin@example.org,7690134892,Erode,Rajasthan,2024-07-12
718,Nihal,Batta,aarnasharma@example.net,6442525965,Vijayawada,Maharashtra,2026-06-14
719,Daniel,Pal,omajarandhawa@example.com,7140139082,Farrukhabad,Himachal Pradesh,2025-04-29
720,Nihal,Mallick,iwalla@example.com,3672213624,Mehsana,Chhattisgarh,2024-11-06
721,Warjas,Dara,rattaedhitha@example.com,1507613425,Srinagar,Nagaland,2024-08-19
722,Chandresh,Ramanathan,swamyjhalak@example.org,1102699725,Nanded,Bihar,2025-05-20
723,Harinakshi,Hegde,rudra67@example.org,4453300304,Amravati,Gujarat,2024-05-10
724,Pranav,Brahmbhatt,bhayre@example.org,5411384037,Bilaspur,Arunachal Pradesh,2024-06-12
725,Chaman,Mander,gaurav66@example.org,2949451510,Thiruvananthapuram,Gujarat,2025-08-07
726,Eshana,Tandon,chakradharmohanty@example.com,2652773218,Hyderabad,Rajasthan,2026-06-24
727,Ekanta,Sachdeva,pchaudhary@example.org,6626363851,Pune,Kerala,2025-10-28
728,Ekbal,Butala,madanchameli@example.net,0307927790,Darbhanga,Arunachal Pradesh,2025-01-13
729,Daksha,Chakraborty,mrai@example.com,8621911362,Katni,Maharashtra,2024-07-15
730,Avni,Hans,ishita26@example.net,8081199874,Sagar,Uttarakhand,2025-06-18
731,Vansha,Gokhale,udyati42@example.net,5882463696,Mehsana,Bihar,2024-05-24
732,Anvi,More,galatristan@example.net,2873087283,Jalna,Manipur,2023-09-17
733,Christopher,Nayar,chandreshchander@example.org,9787683769,Moradabad,Tripura,2026-05-29
734,Varenya,Upadhyay,william21@example.net,1622703794,Raebareli,Uttar Pradesh,2025-04-23
735,Lohit,Borde,balvan03@example.org,0793627584,Muzaffarpur,Madhya Pradesh,2025-06-20
736,Jalsa,Vyas,unnati35@example.org,6867598638,Kishanganj,Odisha,2026-05-31
737,Aachal,Chowdhury,nathaniel07@example.org,6027020567,Latur,Assam,2025-08-21
738,Caleb,Swaminathan,william28@example.org,1761938883,Rewa,Manipur,2025-04-04
739,Yuvraj,Dhaliwal,maanav39@example.com,6276134624,Rajpur Sonarpur,Haryana,2025-02-06
740,Gayathri,Sani,sanayatiwari@example.org,5701565349,Naihati,Jharkhand,2026-05-01
741,Adya,Chana,arattan@example.org,6061262043,Surat,Punjab,2024-01-27
742,Quincy,Edwin,aahanatara@example.com,0729180779,Sambhal,Goa,2024-05-16
743,Simon,Butala,chanddiya@example.org,7476277685,Chapra,Mizoram,2024-06-05
744,Vansha,Nath,onveer79@example.net,4420099353,Dindigul,Mizoram,2025-08-30
745,Gagan,Saxena,santmadhav@example.com,0542128848,Rohtak,Telangana,2025-09-13
746,Neelima,Rama,hemalbasak@example.com,6430018544,Darbhanga,West Bengal,2026-03-01
747,Qasim,Lata,lchawla@example.com,9552000485,Thane,Rajasthan,2025-09-24
748,Anjali,Chand,dalajavora@example.com,3854861763,Saharsa,West Bengal,2025-08-16
749,Henry,Mall,vkalita@example.net,5179376124,Agra,Himachal Pradesh,2025-04-22
750,Divya,Bail,tejaspatil@example.net,8903167020,Nashik,Sikkim,2023-07-28
751,Dayita,Chadha,oliverdevi@example.org,3993654083,Haridwar,Punjab,2023-07-28
752,Ishaan,Hari,gauravkade@example.net,3820705525,Nizamabad,Rajasthan,2025-06-18
753,Tanvi,Mohanty,jatinmishra@example.org,8082932857,Shimoga,West Bengal,2025-10-23
754,Onveer,Saraf,xkunda@example.com,6214598301,Bhiwandi,Bihar,2025-10-24
755,Madhav,Tailor,msarma@example.org,7820800709,Tadipatri,Haryana,2023-10-18
756,Gunbir,Chandra,sharmajeevika@example.com,9610817214,Jodhpur,Rajasthan,2024-03-31
757,Falak,Thaman,jainkamala@example.net,7632277224,Junagadh,Uttar Pradesh,2023-07-24
758,Nihal,Andra,laban08@example.org,2210172291,Jabalpur,Goa,2025-11-30
759,Bhavani,Prasad,sbakshi@example.org,8614654400,Baranagar,Uttarakhand,2023-07-28
760,Tanish,Prabhu,edwinadvika@example.org,0633135902,Darbhanga,Haryana,2024-05-21
761,Thomas,Sharma,tgokhale@example.com,4794877290,Dehradun,Bihar,2026-05-04
762,Nihal,Bhalla,vamakshimohanty@example.net,6418241586,Malda,Chhattisgarh,2024-09-06
763,Balhaar,Agate,batramahika@example.net,5222436977,Jalgaon,Maharashtra,2025-03-11
764,Rachana,Buch,qabilkothari@example.org,0384195225,Tiruppur,Odisha,2026-04-30
765,Advika,Srinivas,pranavzachariah@example.net,1406451567,Bhalswa Jahangir Pur,Goa,2024-05-11
766,Yagnesh,Luthra,sbutala@example.net,9557332740,Kollam,Jharkhand,2023-12-06
767,Nitara,Mallick,mekhalakar@example.org,4020155100,Bhubaneswar,Himachal Pradesh,2025-07-30
768,Ekaraj,Bose,lopadani@example.org,7732557524,Loni,Odisha,2024-04-08
769,Manbir,Sahni,onveer01@example.com,5139758370,Tirunelveli,West Bengal,2025-10-02
770,Timothy,Soman,panini71@example.org,1873539966,Kozhikode,Sikkim,2025-06-15
771,Shravya,Iyengar,shettyisaac@example.net,4051865527,Ballia,Madhya Pradesh,2024-01-26
772,Faqid,Raman,deshmukhchavvi@example.com,3313165214,Ahmedabad,Madhya Pradesh,2024-01-28
773,Gayathri,Chhabra,charles25@example.org,7931615497,Amaravati,Andhra Pradesh,2024-07-04
774,Hamsini,Goswami,nayarwahab@example.com,6971173104,Khora ,Haryana,2024-05-19
775,Adweta,Menon,bbhatt@example.org,7394130695,Farrukhabad,Punjab,2024-02-05
776,Pushti,Sahota,vidhi15@example.net,1608919688,Bulandshahr,Andhra Pradesh,2026-04-03
777,Niharika,Ratti,ghoshlila@example.org,4801672706,Saharsa,Uttar Pradesh,2024-07-19
778,Dhruv,Sethi,mvenkatesh@example.net,5565599520,Pune,Sikkim,2026-04-21
779,Hitesh,Gole,guptavictor@example.net,2280924247,Amaravati,Sikkim,2025-03-04
780,Yagnesh,Zacharia,cmagar@example.com,1484753100,Patiala,Goa,2025-01-23
781,Shivansh,Bhakta,sachdevbalendra@example.net,7982525463,Narasaraopet,Chhattisgarh,2024-11-20
782,Samarth,Agate,gabriel06@example.net,8192986670,Panipat,Kerala,2025-06-23
783,Nisha,Parekh,kulkarnimeera@example.com,7456134628,New Delhi,Bihar,2023-10-17
784,Faris,Goda,eradhakrishnan@example.net,1240808209,Miryalaguda,Madhya Pradesh,2024-11-02
785,Om,Vasa,msarna@example.org,8990844073,Panvel,Uttar Pradesh,2026-04-15
786,Ati,Tripathi,ravipallavi@example.net,6500026000,Kottayam,Maharashtra,2025-08-08
787,Jagvi,Nori,faqidsodhi@example.net,2400766041,Hosur,Haryana,2024-01-17
788,Hemang,Suresh,kashvi57@example.org,2338089597,Moradabad,Assam,2023-12-07
789,Qarin,Bhatti,daksh79@example.org,6139376788,Berhampore,Chhattisgarh,2024-09-24
790,Ria,Barman,ishita03@example.net,3631744545,Phusro,Goa,2024-07-09
791,Janaki,Hegde,kkeer@example.net,3226682271,Shimoga,Nagaland,2026-01-12
792,Chakradev,Prakash,ggara@example.net,4446550472,Amritsar,Jharkhand,2025-09-09
793,Viraj,Thaker,rvirk@example.org,0438476725,Chinsurah,Nagaland,2024-09-17
794,Vanya,Baral,jeet03@example.net,8623409759,Deoghar,Meghalaya,2024-02-28
795,Maanas,Majumdar,alka16@example.com,2413430698,Ajmer,Tamil Nadu,2024-04-10
796,Finn,Seshadri,girikbhandari@example.org,2656134567,Ulhasnagar,Chhattisgarh,2024-05-31
797,Bimala,Narayan,pratyushgill@example.net,2548975801,Nellore,Sikkim,2026-02-23
798,Pratyush,Bora,nirjabassi@example.net,0515477810,Gandhinagar,Uttar Pradesh,2025-11-22
799,Zaid,Palan,bumbbenjamin@example.org,5604131090,Bhilwara,Mizoram,2025-10-17
800,Qabil,Misra,bhardwajdaksha@example.net,4780837413,Sonipat,Gujarat,2023-08-22
801,Yashoda,Dhar,hkar@example.com,8382879966,Nadiad,Chhattisgarh,2026-04-12
802,Omya,Karan,egole@example.org,9639937597,Nandyal,Meghalaya,2026-05-23
803,Samarth,Nair,eesha56@example.org,5439441350,Miryalaguda,Kerala,2026-01-22
804,Harrison,More,qkorpal@example.org,6807634796,Chapra,Kerala,2023-11-01
805,Rachit,Deol,darpan63@example.com,4553110902,Rajkot,Uttar Pradesh,2023-09-16
806,Advika,Singhal,dhriti30@example.net,7726477693,Siwan,Mizoram,2023-08-08
807,Yahvi,Sahota,kaulayushman@example.com,5547584302,Indore,West Bengal,2025-01-15
808,Ekaraj,Hegde,aayushdhawan@example.org,8644720741,Sikar,Sikkim,2024-10-11
809,Pranit,Sandhu,balmadhav@example.org,6740423181,Agartala,Rajasthan,2023-11-07
810,Garima,Dhawan,balasubramanianwahab@example.com,1214501954,Kolhapur,Goa,2025-06-23
811,Akshay,Saxena,kamyakata@example.com,1048762841,Vellore,Odisha,2025-10-21
812,Wriddhish,Tank,janivaishnavi@example.net,4846145609,Sirsa,Maharashtra,2024-07-06
813,Suhani,Cherian,naveen50@example.org,0695832128,Uluberia,Punjab,2026-03-13
814,Liam,Aggarwal,naidunandini@example.net,4135221312,Bhilai,Nagaland,2024-12-23
815,Andrew,Bose,kibebrijesh@example.com,7612185334,Jhansi,Chhattisgarh,2023-10-23
816,Urishilla,Sharaf,mnair@example.com,4775567330,Bhubaneswar,Tamil Nadu,2024-07-02
817,Jack,Keer,misrayashodhara@example.com,6511645912,Guntakal,Karnataka,2024-05-02
818,Zaid,Chokshi,danieledwin@example.com,0433657263,Chinsurah,Telangana,2024-04-18
819,Xiti,Iyer,teerth97@example.net,8311329574,Jamalpur,Telangana,2023-11-05
820,Wridesh,Shetty,rajagopalhemangini@example.org,6475526550,Farrukhabad,Punjab,2023-12-27
821,Chavvi,Om,sathvik51@example.net,0593346025,Etawah,Uttarakhand,2026-01-23
822,Ishaan,Venkataraman,jhaganga@example.net,8028598537,Alwar,Meghalaya,2026-07-03
823,Meghana,Nazareth,fnadig@example.net,9345866946,Pali,Jharkhand,2024-05-28
824,Nimrat,Subramaniam,anita87@example.org,1649699957,Kulti,Uttarakhand,2024-05-13
825,Lohit,Chatterjee,ekapad28@example.net,5795823838,Kochi,Tripura,2024-07-22
826,Anirudh,Srivastava,karanpranit@example.org,3062718851,Firozabad,Meghalaya,2025-04-28
827,Jeevika,Nigam,christopherratta@example.com,1664749205,Warangal,Gujarat,2024-03-28
828,Chakrika,Prasad,fbawa@example.net,3214596913,Junagadh,Uttarakhand,2024-07-28
829,Advaith,Yadav,farhangera@example.net,2891052335,Nanded,Odisha,2024-05-17
830,Bhavini,Baral,mekhala84@example.org,5105916077,Jamnagar,Punjab,2025-04-23
831,Anjali,Ben,oganesh@example.org,0174024018,Ratlam,Uttarakhand,2025-05-06
832,Pahal,Uppal,anay18@example.com,1347944912,Visakhapatnam,Bihar,2024-08-03
833,Kavya,Rau,srinivascharita@example.com,5386866945,Singrauli,Telangana,2025-07-13
834,Netra,Shroff,kadenilima@example.net,9253788383,Latur,Gujarat,2025-03-27
835,Qasim,Konda,neel05@example.com,3216881204,Dehradun,Haryana,2024-02-24
836,Vritti,Tella,inayawarrior@example.net,0509949157,Udupi,Maharashtra,2023-08-29
837,Vihaan,Shetty,shravyabhatnagar@example.org,5334972189,Morbi,Odisha,2025-03-27
838,Yachana,Vora,devansh42@example.com,7678188427,Vadodara,Goa,2025-03-12
839,Saumya,Bhalla,abhatia@example.org,5580720965,Kumbakonam,Tripura,2026-01-24
840,Tanay,Nagarajan,savantyatan@example.com,2086429076,Srinagar,Assam,2025-01-08
841,Krish,Balan,kalakiaan@example.com,5805847376,Shivpuri,Haryana,2024-06-29
842,Neha,Saini,luke04@example.com,3646043476,Nashik,Punjab,2023-08-29
843,Ethan,Mohanty,emangal@example.com,4591260034,Thrissur,Assam,2026-01-13
844,Samar,Srinivas,qsridhar@example.com,5637156704,Madhyamgram,Maharashtra,2024-04-14
845,Ekantika,Badami,rkhatri@example.net,9352382447,Madhyamgram,Tamil Nadu,2023-10-15
846,Ekaraj,Jayaraman,anjalimisra@example.com,3433787585,Panvel,Meghalaya,2026-04-10
847,Darsh,Lanka,dorayachana@example.com,8547052124,Patna,Telangana,2025-08-20
848,Jyoti,Kale,nirja51@example.net,5446378607,Ranchi,Mizoram,2025-03-20
849,Hredhaan,Taneja,vivaanjayaraman@example.net,9907587541,Amroha,Telangana,2025-11-17
850,Maanas,Banik,halderabhiram@example.org,3710104875,Kanpur,Tripura,2024-09-15
851,Pahal,Sethi,varghesegabriel@example.net,3650065235,Shahjahanpur,Uttar Pradesh,2025-02-16
852,Vrishti,Iyengar,guptagirik@example.net,2513053653,Nadiad,Bihar,2025-08-15
853,Anthony,Basak,varughesedevansh@example.org,9015499318,Surat,Tripura,2024-12-30
854,Chaitaly,Kalla,siddharth71@example.com,4816445194,Satara,Chhattisgarh,2025-04-08
855,Tejas,Sethi,pavanipatla@example.net,9912781030,Bijapur,Odisha,2025-11-08
856,Jyoti,Raju,kaurwriddhish@example.net,5999317105,Tirupati,Gujarat,2023-08-14
857,Diya,Sahni,praneelpall@example.net,4794048855,Kamarhati,Jharkhand,2024-04-05
858,Lakshmi,Misra,chamelimall@example.net,1843635923,Giridih,Assam,2026-06-05
859,Yashica,Master,echar@example.com,8333431575,Chennai,Nagaland,2024-08-09
860,Gautami,Nazareth,krisha15@example.org,9298598292,Jamnagar,Haryana,2026-05-19
861,Vedika,Mody,xjha@example.org,6471530231,Tadipatri,Madhya Pradesh,2024-03-01
862,Jason,Dugar,farhanpillai@example.net,1768625791,Jamshedpur,Sikkim,2026-02-16
863,Gagan,Gill,qushiratta@example.net,7852533814,Bellary,Telangana,2025-06-12
864,Advaith,Thaker,xdugar@example.net,4279393027,Miryalaguda,Maharashtra,2026-03-24
865,Hritik,Chada,daveabeer@example.com,2778373229,Jaipur,Uttarakhand,2024-03-15
866,George,Srivastava,barora@example.net,7055789321,Kumbakonam,Meghalaya,2023-08-27
867,Radhika,Nagar,daniishita@example.net,7760348795,Salem,Maharashtra,2026-01-29
868,Watika,Bhandari,nitesh96@example.org,1624018143,Ghaziabad,Kerala,2024-02-22
869,Omisha,Narayan,saigopal@example.com,5564883808,Raichur,Sikkim,2025-05-30
870,Urvi,Comar,chandatriveni@example.com,3250958016,Maheshtala,Telangana,2024-10-29
871,Hitesh,Sathe,tatafrederick@example.com,8353253128,Siwan,Andhra Pradesh,2026-01-10
872,Falan,Mitra,xavierchandra@example.net,5058146341,Mehsana,Jharkhand,2024-11-20
873,Harsh,Batra,joshua72@example.com,0554619627,Warangal,Mizoram,2025-09-05
874,Faqid,Bhatt,nirjanadig@example.org,2151936906,Jehanabad,Tamil Nadu,2026-03-10
875,Atharv,Khatri,ybali@example.com,9665863049,Kozhikode,Goa,2026-01-20
876,Siya,Randhawa,gagankrishnamurthy@example.net,7784632945,Sultan Pur Majra,Odisha,2025-06-25
877,Jairaj,Taneja,jhaveriekani@example.net,4520734073,Amritsar,Meghalaya,2025-10-28
878,Sneha,Kapur,msekhon@example.org,9263523445,Kamarhati,Tripura,2025-06-09
879,Keya,Mukhopadhyay,bhavini97@example.net,5089270226,Maheshtala,Bihar,2024-07-12
880,Ishaan,Gala,urama@example.org,6949429312,Ghaziabad,Odisha,2023-09-11
881,Daksha,Morar,nisha29@example.net,7126811125,Maheshtala,Himachal Pradesh,2025-04-15
882,Varsha,Sunder,zashil91@example.org,4453888686,Ranchi,Goa,2023-11-15
883,Lajita,Prakash,madhavchanda@example.com,2678182745,Phagwara,Andhra Pradesh,2025-12-29
884,Rachit,Dubey,rmohanty@example.org,5496476727,Noida,Chhattisgarh,2023-12-12
885,Anmol,Soni,agrawalqasim@example.net,3187176665,Ichalkaranji,Tamil Nadu,2024-11-23
886,Aayush,Barman,nidrabedi@example.org,6879740660,Bhalswa Jahangir Pur,Jharkhand,2025-05-14
887,Hitesh,D’Alia,padmanabhanbishakha@example.net,5505852287,Gulbarga,Telangana,2024-10-26
888,Irya,Sagar,qabil09@example.com,9306637500,Jalna,Uttarakhand,2025-12-31
889,Azaan,Mody,nathan90@example.org,8167239462,Solapur,Punjab,2026-01-31
890,Andrew,Maharaj,srattan@example.com,9260138243,Gandhidham,Uttar Pradesh,2026-05-01
891,Chanchal,Kota,mpalla@example.org,5527333508,Tirunelveli,Mizoram,2026-06-09
892,Ekiya,Bahri,sachiravel@example.org,4249032106,Gandhinagar,Assam,2025-05-04
893,Megha,Tank,ansh68@example.com,5667559757,Thanjavur,West Bengal,2024-05-19
894,Jagvi,Ramakrishnan,imaranbhattacharyya@example.org,7123838580,Munger,Goa,2026-07-02
895,Patrick,Patla,karora@example.net,8301500643,Gorakhpur,Kerala,2025-12-17
896,Zansi,Mukhopadhyay,kashyapzayan@example.org,2992096429,Bhind,Himachal Pradesh,2025-05-28
897,Caleb,Gole,jsheth@example.org,3800849198,Durg,Maharashtra,2026-02-27
898,Inaya,D’Alia,biswasvasudha@example.net,3247108332,Kottayam,Odisha,2024-04-10
899,Nicholas,Jhaveri,damini86@example.net,3521876521,Firozabad,Rajasthan,2026-01-10
900,Avni,Patil,ronithpuri@example.org,7529895876,Raichur,West Bengal,2023-12-26
901,Ladli,Nori,bhavna44@example.org,5101441365,Sri Ganganagar,Arunachal Pradesh,2025-06-14
902,Upkaar,Ravel,thomascontractor@example.com,0853822812,Bhubaneswar,Himachal Pradesh,2026-04-15
903,Vanya,Varty,nbose@example.net,6866449012,Bhimavaram,Uttarakhand,2025-03-10
904,Kavya,Puri,darafalak@example.net,7950485951,Gandhinagar,Maharashtra,2025-05-31
905,Ekta,Chaudhary,eshana81@example.com,5524423462,Korba,Uttar Pradesh,2025-04-22
906,Max,Kala,sdugar@example.com,1564942799,Imphal,Himachal Pradesh,2026-02-19
907,Guneet,Kanda,anyasant@example.org,2391192704,Aurangabad,Tamil Nadu,2025-01-18
908,Anmol,Khurana,patilurvashi@example.com,7762888559,Bikaner,Telangana,2025-01-13
909,Anjali,Gade,vyanjanabiswas@example.com,7753848361,Mangalore,Himachal Pradesh,2025-12-13
910,Aryan,Hari,wallawahab@example.com,0593407702,Surat,West Bengal,2024-05-21
911,Jagdish,Nagi,suriharish@example.net,1832991132,Meerut,Uttarakhand,2025-07-03
912,Kalpit,Wadhwa,saksham09@example.org,8526627698,Tiruppur,Kerala,2025-03-19
913,Hardik,Kapadia,wazir47@example.com,2849973778,Jodhpur,Sikkim,2023-10-10
914,Qarin,Walla,baghyawatikannan@example.com,4590474619,Meerut,Arunachal Pradesh,2024-01-27
915,Parth,Murty,noah36@example.org,1023065002,Panipat,Meghalaya,2025-09-17
916,Alexander,Aggarwal,brajan@example.com,2348814421,Khandwa,Nagaland,2025-11-23
917,Saanvi,Sachar,tpillai@example.org,5907535629,Kolhapur,Manipur,2026-04-08
918,Lekha,Dani,krishna28@example.org,4208978256,Jodhpur,Nagaland,2025-03-06
919,Hritik,Wable,nagarajanfrederick@example.com,2774212036,Guna,Assam,2023-07-26
920,Vasana,Hayer,sabharwalhemani@example.org,8723249248,Tiruppur,Punjab,2024-01-23
921,Jason,Randhawa,igola@example.com,7400665516,Anantapur,Maharashtra,2024-06-16
922,Triya,Raja,sanya34@example.net,8076569725,Jamalpur,Andhra Pradesh,2026-01-27
923,Bhavna,Sidhu,qadim54@example.com,2540382422,Salem,Telangana,2025-05-12
924,Om,Chakrabarti,hemang75@example.com,7950262873,Nagaon,Kerala,2026-03-01
925,Veda,Tank,nidrachaudhari@example.org,7519767055,Vadodara,Tamil Nadu,2023-12-31
926,Arunima,Dey,chowdhurypranav@example.net,9409018914,Ulhasnagar,Himachal Pradesh,2024-12-11
927,Nakul,Bhatti,ekansh65@example.com,6105319356,Nagaon,Punjab,2025-12-27
928,Vasudha,Pandit,kala29@example.com,5604844359,Ghaziabad,Gujarat,2024-03-26
929,Michael,Ravel,hamsiniradhakrishnan@example.net,3664774905,Loni,Punjab,2025-05-09
930,Sudiksha,Walla,tsidhu@example.com,6043919742,Amritsar,Himachal Pradesh,2024-10-28
931,Triya,Saini,ekiya86@example.org,6728532337,Ambala,Telangana,2024-06-22
932,Falguni,Nath,ishaan94@example.net,6587057435,Giridih,Uttarakhand,2023-11-21
933,Omisha,Kannan,krege@example.com,9544107246,Bareilly,Punjab,2025-01-28
934,Aahana,Patla,zramanathan@example.org,1312681736,Nagaon,Gujarat,2026-01-02
935,Triya,Sangha,azad16@example.net,4980725721,Bettiah,Mizoram,2024-08-26
936,Azad,De,kkhosla@example.org,0499122521,Panipat,Chhattisgarh,2024-11-18
937,Yasti,Munshi,lbabu@example.com,3790792354,Katihar,Kerala,2025-06-06
938,Edhitha,Hayer,brarbachittar@example.org,2754849246,Bhopal,Manipur,2025-02-28
939,Matthew,Walia,lipika68@example.com,4950219831,Mango,Uttar Pradesh,2025-11-13
940,Keya,Dhar,vaishnavi11@example.net,2888363439,Sambalpur,Punjab,2025-07-20
941,Zansi,Singhal,hbail@example.net,5812758194,Karawal Nagar,Tripura,2024-11-04
942,Ekta,Bhattacharyya,fwadhwa@example.org,0796830647,Durgapur,Uttar Pradesh,2025-12-13
943,Yashoda,Ravel,anamikagarg@example.com,7203335454,Darbhanga,Sikkim,2024-07-21
944,Gaurangi,Borde,daksh88@example.org,3819715970,Guntakal,Nagaland,2023-08-04
945,Hemangini,Bal,yrajan@example.net,1648043297,Haldia,Gujarat,2025-04-09
946,Osha,Naidu,xhanda@example.com,5209734279,Orai,Odisha,2024-07-04
947,Kritika,Bobal,tanejavasudha@example.net,6840040781,Imphal,Uttar Pradesh,2024-07-27
948,Anita,Kohli,sastrychaitaly@example.com,5223450582,Thoothukudi,Bihar,2024-06-16
949,Ayush,Mammen,harinakshiwarrior@example.com,9041664029,Nagaon,Goa,2026-03-29
950,Ojas,Lalla,chakrabortyfaris@example.com,0138861431,Agra,Jharkhand,2025-03-09
951,Jai,Din,nathbrijesh@example.org,0458891107,Hapur,Sikkim,2024-01-11
952,Upasna,Uppal,shravya75@example.net,7125915039,Haridwar,Sikkim,2025-03-14
953,Damini,Pall,sbhakta@example.net,4873792066,Bhusawal,Gujarat,2026-03-08
954,Hredhaan,Patil,yatin76@example.net,3295705761,Saharanpur,Haryana,2025-06-27
955,Girish,Saxena,vasanasehgal@example.org,1543200065,Panihati,Bihar,2024-10-01
956,Jhalak,Deshmukh,amblewriddhish@example.com,9228729791,Gangtok,Himachal Pradesh,2025-08-16
957,Lajita,Seshadri,henry28@example.org,4060052723,Vasai-Virar,Meghalaya,2026-04-26
958,Chaitaly,Nanda,robertmadan@example.com,6987725714,Buxar,Meghalaya,2024-04-12
959,Matthew,Kanda,narainekapad@example.org,9492191179,Aurangabad,Maharashtra,2024-10-01
960,Orinder,Kari,kevin72@example.com,0414839352,Ujjain,Uttar Pradesh,2025-01-26
961,Hritik,Puri,ronith83@example.com,5476304703,Tirunelveli,Goa,2025-12-05
962,Arunima,Sarraf,madhavisane@example.com,8332199305,Kurnool,Sikkim,2024-04-26
963,Janaki,Kurian,dalbir67@example.net,5572875038,Nagpur,Jharkhand,2024-09-04
964,Wyatt,Kaul,hayergirish@example.com,1120494157,Nagaon,Uttar Pradesh,2025-10-11
965,Shaurya,Sarraf,hmann@example.com,8436947810,Jalgaon,Arunachal Pradesh,2024-08-02
966,Imaran,Sandal,kartripti@example.org,6055214102,Giridih,Maharashtra,2024-01-01
967,Aarini,Divan,lakshmihayer@example.org,9110871729,Khandwa,Andhra Pradesh,2026-01-11
968,Upma,Kala,bandiimaran@example.net,8928612102,Panipat,Meghalaya,2024-07-08
969,Nihal,Narang,mandernaveen@example.com,3566688582,Kurnool,Arunachal Pradesh,2025-10-08
970,Daniel,Vohra,harsh98@example.com,3706937045,Tiruchirappalli,Uttar Pradesh,2024-12-08
971,Jagat,Khurana,tanvi29@example.net,4616170601,Kota,Nagaland,2024-05-03
972,Alka,Rout,ysachdeva@example.org,7689114626,Bhatpara,Madhya Pradesh,2026-01-23
973,Raagini,Divan,pallqarin@example.net,6806743233,Buxar,Chhattisgarh,2023-09-15
974,Utkarsh,Singh,amairanagarajan@example.net,6202425997,Vadodara,Himachal Pradesh,2025-07-04
975,Ekaja,Banik,gavin91@example.org,9360422098,Gaya,Odisha,2024-08-05
976,Karan,Vora,tarak23@example.com,5783584720,Gandhidham,West Bengal,2024-02-26
977,Darpan,Karnik,fdalal@example.com,4512801428,Berhampore,Himachal Pradesh,2024-09-09
978,Gautam,Deshpande,xwalia@example.net,8462381755,Guwahati,Mizoram,2024-04-04
979,Manya,Shanker,sabharwalnicholas@example.org,2000587302,Kamarhati,Madhya Pradesh,2024-03-21
980,Rayaan,Yohannan,lavanyabahl@example.net,4191297021,Chennai,Uttarakhand,2023-10-22
981,Libni,Char,dhingraabeer@example.com,7834532225,Ajmer,Madhya Pradesh,2025-11-24
982,Hemani,Keer,gagandave@example.net,2374627442,Farrukhabad,Sikkim,2025-04-20
983,Jonathan,Oommen,jairajgera@example.com,6513999114,Buxar,Gujarat,2025-03-11
984,Parth,Baral,divanaradhana@example.com,5092033213,Tumkur,Jharkhand,2025-08-28
985,Quincy,Iyengar,ochokshi@example.org,9423738452,Bhavnagar,Uttar Pradesh,2024-12-06
986,Bakhshi,Uppal,sai59@example.net,9951161216,Haldia,Tripura,2025-10-10
987,Chameli,Baria,janujabobal@example.org,2256222069,Amaravati,Goa,2026-04-06
988,Upasna,Pingle,yastikrishnamurthy@example.net,2031059424,Kamarhati,Rajasthan,2024-03-19
989,Kiaan,Dalal,bhatazaan@example.net,4226451681,Bikaner,Goa,2023-10-22
990,Ayushman,Kari,ybera@example.com,9131433753,Karnal,Madhya Pradesh,2025-07-04
991,Samarth,Chaudry,amritasarraf@example.net,5660834615,Sambalpur,Himachal Pradesh,2024-04-06
992,Alka,Ranganathan,ikshitabuch@example.net,5421653023,Pudukkottai,Chhattisgarh,2026-01-01
993,Tanveer,Pillay,zkothari@example.com,5443832355,Alwar,Jharkhand,2026-01-14
994,Pavani,Bava,triveni64@example.net,4691362609,Udaipur,Tamil Nadu,2023-10-02
995,Aadi,Yogi,nbhasin@example.org,6736725961,Amroha,Jharkhand,2024-10-27
996,Sanya,Pandya,eshanapatla@example.org,8313570826,Navi Mumbai,Mizoram,2025-11-29
997,Yadavi,Chanda,chanchal74@example.net,8970007827,Patiala,Gujarat,2025-06-04
998,Omisha,Ganesan,karanbala@example.net,0479790676,Ahmednagar,Kerala,2024-06-23
999,Dhriti,Sekhon,kaikulkarni@example.org,1155255658,Nellore,Uttarakhand,2024-12-25
1000,Yachana,Soni,vidhisaraf@example.org,9452246516,Suryapet,Goa,2026-02-04
